referenceDesignator,deployYear,rawFile,rawSerialNumber
RS03INT2-MJ03D-11-CTDPFB307,2025,https://rawdata.oceanobservatories.org/files/RS03INT2/MJ03D/CTDPFB307/2025/08/CTDPFB307_10.31.9.11_2101_20250824T0056_UTC.dat,0325
RS03INT2-MJ03D-11-CTDPFB307,2024,https://rawdata.oceanobservatories.org/files/RS03INT2/MJ03D/CTDPFB307/2024/09/CTDPFB307_10.31.9.11_2101_20240901T0336_UTC.dat,0601
RS03ECAL-MJ03E-12-CTDPFB306,2025,https://rawdata.oceanobservatories.org/files/RS03ECAL/MJ03E/CTDPFB306/2025/08/CTDPFB306_10.31.10.12_2101_20250820T0000_UTC.dat,0326
RS03ECAL-MJ03E-12-CTDPFB306,2024,https://rawdata.oceanobservatories.org/files/RS03ECAL/MJ03E/CTDPFB306/2024/09/CTDPFB306_10.31.10.12_2101_20240902T0000_UTC.dat,0321
RS03ECAL-MJ03E-12-CTDPFB306,2023,https://rawdata.oceanobservatories.org/files/RS03ECAL/MJ03E/CTDPFB306/2023/09/CTDPFB306_10.31.10.12_2101_20230917T1547_UTC.dat,0326
RS03ECAL-MJ03E-12-CTDPFB306,2022,https://rawdata.oceanobservatories.org/files/RS03ECAL/MJ03E/CTDPFB306/2022/08/CTDPFB306_10.31.10.12_2101_20220816T1917_UTC.dat,0321
RS03ECAL-MJ03E-12-CTDPFB306,2021,https://rawdata.oceanobservatories.org/files/RS03ECAL/MJ03E/CTDPFB306/2021/08/CTDPFB306_10.31.10.12_2101_20210828T0000_UTC.dat,0326
RS03ECAL-MJ03E-12-CTDPFB306,2020,https://rawdata.oceanobservatories.org/files/RS03ECAL/MJ03E/CTDPFB306/2020/08/CTDPFB306_10.31.10.12_2101_20200820T1714_UTC.dat,0321
RS03CCAL-MJ03F-12-CTDPFB305,2025,https://rawdata.oceanobservatories.org/files/RS03CCAL/MJ03F/CTDPFB305/2025/08/CTDPFB305_10.31.6.12_2101_20250824T0000_UTC.dat,0327
RS03CCAL-MJ03F-12-CTDPFB305,2024,https://rawdata.oceanobservatories.org/files/RS03CCAL/MJ03F/CTDPFB305/2024/09/CTDPFB305_10.31.6.12_2101_20240901T1844_UTC.dat,0602
RS03CCAL-MJ03F-12-CTDPFB305,2023,https://rawdata.oceanobservatories.org/files/RS03CCAL/MJ03F/CTDPFB305/2023/09/CTDPFB305_10.31.6.12_2101_20230913T0000_UTC.dat,0327
RS03CCAL-MJ03F-12-CTDPFB305,2022,none,-99999
RS03CCAL-MJ03F-12-CTDPFB305,2022,none,-99999
RS03CCAL-MJ03F-12-CTDPFB305,2021,https://rawdata.oceanobservatories.org/files/RS03CCAL/MJ03F/CTDPFB305/2021/08/CTDPFB305_10.31.6.12_2101_20210828T1748_UTC.dat,0327
RS03CCAL-MJ03F-11-PADCPA301,2021,none,-99999
RS03AXPS-SF03A-4A-NUTNRA301,2025,https://rawdata.oceanobservatories.org/files/RS03AXPS/SF03A/NUTNRA301/2025/08/NUTNRA301_10.31.3.206_2101_20250808T1531_UTC.dat,618
RS03AXPS-SF03A-4A-NUTNRA301,2024,https://rawdata.oceanobservatories.org/files/RS03AXPS/SF03A/NUTNRA301/2024/08/NUTNRA301_10.31.3.206_2101_20240830T1503_UTC.dat,379
RS03AXPS-SF03A-4A-NUTNRA301,2023,https://rawdata.oceanobservatories.org/files/RS03AXPS/SF03A/NUTNRA301/2023/08/NUTNRA301_10.31.3.206_2101_20230826T1655_UTC.dat,618
RS03AXPS-SF03A-4A-NUTNRA301,2022,https://rawdata.oceanobservatories.org/files/RS03AXPS/SF03A/NUTNRA301/2022/08/NUTNRA301_10.31.3.206_2101_20220813T0051_UTC.dat,379
RS03AXPS-SF03A-4A-NUTNRA301,2021,https://rawdata.oceanobservatories.org/files/RS03AXPS/SF03A/NUTNRA301/2021/08/NUTNRA301_10.31.3.206_2101_20210804T1817_UTC.dat,618
RS03AXPS-SF03A-4A-NUTNRA301,2020,https://rawdata.oceanobservatories.org/files/RS03AXPS/SF03A/NUTNRA301/2020/08/NUTNRA301_10.31.3.206_2101_20200805T1650_UTC.dat,379
RS03AXPS-SF03A-4A-NUTNRA301,2019,https://rawdata.oceanobservatories.org/files/RS03AXPS/SF03A/NUTNRA301/2019/06/NUTNRA301_10.31.3.206_2101_20190616T1444_UTC.dat,618
RS03AXPS-SF03A-4A-NUTNRA301,2017,https://rawdata.oceanobservatories.org/files/RS03AXPS/SF03A/NUTNRA301/2017/07/NUTNRA301_10.31.3.206_2101_20170731T0453_UTC.dat,618
RS03AXPS-SF03A-4A-NUTNRA301,2016,https://rawdata.oceanobservatories.org/files/RS03AXPS/SF03A/NUTNRA301/2016/07/NUTNRA301_10.31.3.206_2101_20160715T0000_UTC.dat,379
RS03AXPS-SF03A-4A-NUTNRA301,2015,https://rawdata.oceanobservatories.org/files/RS03AXPS/SF03A/NUTNRA301/2015/07/NUTNRA301_10.31.3.206_2101_20150708T0000_UTC.dat,379
RS03AXPS-SF03A-4A-NUTNRA301,2014,https://rawdata.oceanobservatories.org/files/RS03AXPS/SF03A/NUTNRA301/2014/10/NUTNRA301_10.31.3.206_2101_20141007T2108_UTC.dat,379
RS03AXPS-SF03A-3D-SPKIRA301,2025,https://rawdata.oceanobservatories.org/files/RS03AXPS/SF03A/SPKIRA301/2025/08/SPKIRA301_10.31.3.204_2101_20250811T0000_UTC.dat,293
RS03AXPS-SF03A-3D-SPKIRA301,2024,https://rawdata.oceanobservatories.org/files/RS03AXPS/SF03A/SPKIRA301/2024/08/SPKIRA301_10.31.3.204_2101_20240815T0000_UTC.dat,244
RS03AXPS-SF03A-3D-SPKIRA301,2023,https://rawdata.oceanobservatories.org/files/RS03AXPS/SF03A/SPKIRA301/2023/08/SPKIRA301_10.31.3.204_2101_20230829T0000_UTC.dat,293
RS03AXPS-SF03A-3D-SPKIRA301,2022,https://rawdata.oceanobservatories.org/files/RS03AXPS/SF03A/SPKIRA301/2022/08/SPKIRA301_10.31.3.204_2101_20220815T0000_UTC.dat,244
RS03AXPS-SF03A-3D-SPKIRA301,2021,https://rawdata.oceanobservatories.org/files/RS03AXPS/SF03A/SPKIRA301/2021/08/SPKIRA301_10.31.3.204_2101_20210807T0000_UTC.dat,251
RS03AXPS-SF03A-3D-SPKIRA301,2020,https://rawdata.oceanobservatories.org/files/RS03AXPS/SF03A/SPKIRA301/2020/08/SPKIRA301_10.31.3.204_2101_20200808T0000_UTC.dat,244
RS03AXPS-SF03A-3D-SPKIRA301,2019,https://rawdata.oceanobservatories.org/files/RS03AXPS/SF03A/SPKIRA301/2019/06/SPKIRA301_10.31.3.204_2101_20190619T0000_UTC.dat,293
RS03AXPS-SF03A-3D-SPKIRA301,2017,https://rawdata.oceanobservatories.org/files/RS03AXPS/SF03A/SPKIRA301/2017/08/SPKIRA301_10.31.3.204_2101_20170803T0000_UTC.dat,293
RS03AXPS-SF03A-3D-SPKIRA301,2016,https://rawdata.oceanobservatories.org/files/RS03AXPS/SF03A/SPKIRA301/2016/07/SPKIRA301_10.31.3.204_2101_20160714T1753_UTC.dat,244
RS03AXPS-SF03A-3D-SPKIRA301,2015,https://rawdata.oceanobservatories.org/files/RS03AXPS/SF03A/SPKIRA301/2015/07/SPKIRA301_10.31.3.204_2101_20150710T1950_UTC.dat,293
RS03AXPS-SF03A-3D-SPKIRA301,2014,https://rawdata.oceanobservatories.org/files/RS03AXPS/SF03A/SPKIRA301/2014/10/SPKIRA301_10.31.3.204_2101_20141007T2107_UTC.dat,244
RS03AXPS-SF03A-3C-PARADA301,2025,none,-99999
RS03AXPS-SF03A-3C-PARADA301,2024,none,-99999
RS03AXPS-SF03A-3C-PARADA301,2023,none,-99999
RS03AXPS-SF03A-3C-PARADA301,2022,none,-99999
RS03AXPS-SF03A-3C-PARADA301,2021,none,-99999
RS03AXPS-SF03A-3C-PARADA301,2020,none,-99999
RS03AXPS-SF03A-3C-PARADA301,2019,none,-99999
RS03AXPS-SF03A-3C-PARADA301,2017,https://rawdata.oceanobservatories.org/files/RS03AXPS/SF03A/PARADA301/2017/08/PARADA301_10.31.3.203_2101_20170803T0000_UTC.dat,557
RS03AXPS-SF03A-3C-PARADA301,2016,https://rawdata.oceanobservatories.org/files/RS03AXPS/SF03A/PARADA301/2016/07/PARADA301_10.31.3.203_2101_20160718T0000_UTC.dat,463
RS03AXPS-SF03A-3C-PARADA301,2015,https://rawdata.oceanobservatories.org/files/RS03AXPS/SF03A/PARADA301/2015/07/PARADA301_10.31.3.203_2101_20150712T0000_UTC.dat,557
RS03AXPS-SF03A-3C-PARADA301,2014,https://rawdata.oceanobservatories.org/files/RS03AXPS/SF03A/PARADA301/2014/10/PARADA301_10.31.3.203_2101_20141010T0000_UTC.dat,463
RS03AXPS-SF03A-3B-OPTAAD301,2025,https://rawdata.oceanobservatories.org/files/RS03AXPS/SF03A/OPTAAD301/2025/08/OPTAAD301_10.31.3.202_2101_20250811T0740_UTC.dat,346
RS03AXPS-SF03A-3B-OPTAAD301,2024,https://rawdata.oceanobservatories.org/files/RS03AXPS/SF03A/OPTAAD301/2024/09/OPTAAD301_10.31.3.202_2101_20240901T0740_UTC.dat,244
RS03AXPS-SF03A-3B-OPTAAD301,2023,https://rawdata.oceanobservatories.org/files/RS03AXPS/SF03A/OPTAAD301/2023/08/OPTAAD301_10.31.3.202_2101_20230831T0740_UTC.dat,251
RS03AXPS-SF03A-3B-OPTAAD301,2022,https://rawdata.oceanobservatories.org/files/RS03AXPS/SF03A/OPTAAD301/2022/08/OPTAAD301_10.31.3.202_2101_20220815T0740_UTC.dat,134
RS03AXPS-SF03A-3B-OPTAAD301,2021,https://rawdata.oceanobservatories.org/files/RS03AXPS/SF03A/OPTAAD301/2021/08/OPTAAD301_10.31.3.202_2101_20210809T0740_UTC.dat,251
RS03AXPS-SF03A-3B-OPTAAD301,2020,none,-99999
RS03AXPS-SF03A-3B-OPTAAD301,2019,https://rawdata.oceanobservatories.org/files/RS03AXPS/SF03A/OPTAAD301/2019/06/OPTAAD301_10.31.3.202_2101_20190619T0739_UTC.dat,251
RS03AXPS-SF03A-3B-OPTAAD301,2017,https://rawdata.oceanobservatories.org/files/RS03AXPS/SF03A/OPTAAD301/2017/08/OPTAAD301_10.31.3.202_2101_20170803T0000_UTC.dat,166
RS03AXPS-SF03A-3B-OPTAAD301,2016,https://rawdata.oceanobservatories.org/files/RS03AXPS/SF03A/OPTAAD301/2016/07/OPTAAD301_10.31.3.202_2101_20160718T0000_UTC.dat,134
RS03AXPS-SF03A-3B-OPTAAD301,2015,https://rawdata.oceanobservatories.org/files/RS03AXPS/SF03A/OPTAAD301/2015/07/OPTAAD301_10.31.3.202_2101_20150713T0000_UTC.dat,251
RS03AXPS-SF03A-3B-OPTAAD301,2014,none,-99999
RS03AXPS-SF03A-3A-FLORTD301,2025,https://rawdata.oceanobservatories.org/files/RS03AXPS/SF03A/FLORTD301/2025/08/FLORTD301_10.31.3.201_2101_20250808T1531_UTC.dat,1289
RS03AXPS-SF03A-3A-FLORTD301,2024,https://rawdata.oceanobservatories.org/files/RS03AXPS/SF03A/FLORTD301/2024/08/FLORTD301_10.31.3.201_2101_20240812T1703_UTC.dat,5967
RS03AXPS-SF03A-3A-FLORTD301,2023,https://rawdata.oceanobservatories.org/files/RS03AXPS/SF03A/FLORTD301/2023/08/FLORTD301_10.31.3.201_2101_20230826T1655_UTC.dat,1293
RS03AXPS-SF03A-3A-FLORTD301,2022,https://rawdata.oceanobservatories.org/files/RS03AXPS/SF03A/FLORTD301/2022/08/FLORTD301_10.31.3.201_2101_20220813T0204_UTC.dat,5967
RS03AXPS-SF03A-3A-FLORTD301,2021,https://rawdata.oceanobservatories.org/files/RS03AXPS/SF03A/FLORTD301/2021/08/FLORTD301_10.31.3.201_2101_20210804T1812_UTC.dat,1293
RS03AXPS-SF03A-3A-FLORTD301,2020,https://rawdata.oceanobservatories.org/files/RS03AXPS/SF03A/FLORTD301/2020/08/FLORTD301_10.31.3.201_2101_20200805T1650_UTC.dat,5967
RS03AXPS-SF03A-3A-FLORTD301,2019,https://rawdata.oceanobservatories.org/files/RS03AXPS/SF03A/FLORTD301/2019/06/FLORTD301_10.31.3.201_2101_20190616T1444_UTC.dat,1293
RS03AXPS-SF03A-3A-FLORTD301,2017,https://rawdata.oceanobservatories.org/files/RS03AXPS/SF03A/FLORTD301/2017/07/FLORTD301_10.31.3.201_2101_20170731T0453_UTC.dat,1293
RS03AXPS-SF03A-3A-FLORTD301,2016,https://rawdata.oceanobservatories.org/files/RS03AXPS/SF03A/FLORTD301/2016/07/FLORTD301_10.31.3.201_2101_20160714T1752_UTC.dat,1129
RS03AXPS-SF03A-3A-FLORTD301,2015,https://rawdata.oceanobservatories.org/files/RS03AXPS/SF03A/FLORTD301/2015/07/FLORTD301_10.31.3.201_2101_20150710T1949_UTC.dat,1293
RS03AXPS-SF03A-3A-FLORTD301,2014,https://rawdata.oceanobservatories.org/files/RS03AXPS/SF03A/FLORTD301/2014/10/FLORTD301_10.31.3.201_2101_20141007T2059_UTC.dat,1129
RS03AXPS-SF03A-2A-CTDPFA302,2025,https://rawdata.oceanobservatories.org/files/RS03AXPS/SF03A/CTDPFA302/2025/08/CTDPFA302_10.31.3.195_2101_20250808T1531_UTC.dat,0122
RS03AXPS-SF03A-2A-CTDPFA302,2024,none,-99999
RS03AXPS-SF03A-2A-CTDPFA302,2023,https://rawdata.oceanobservatories.org/files/RS03AXPS/SF03A/CTDPFA302/2023/08/CTDPFA302_10.31.3.195_2101_20230826T1655_UTC.dat,0122
RS03AXPS-SF03A-2A-CTDPFA302,2022,https://rawdata.oceanobservatories.org/files/RS03AXPS/SF03A/CTDPFA302/2022/08/CTDPFA302_10.31.3.195_2101_20220813T0051_UTC.dat,7232
RS03AXPS-SF03A-2A-CTDPFA302,2021,https://rawdata.oceanobservatories.org/files/RS03AXPS/SF03A/CTDPFA302/2021/08/CTDPFA302_10.31.3.195_2101_20210804T1807_UTC.dat,0122
RS03AXPS-SF03A-2A-CTDPFA302,2020,https://rawdata.oceanobservatories.org/files/RS03AXPS/SF03A/CTDPFA302/2020/08/CTDPFA302_10.31.3.195_2101_20200805T1650_UTC.dat,7232
RS03AXPS-SF03A-2A-CTDPFA302,2019,https://rawdata.oceanobservatories.org/files/RS03AXPS/SF03A/CTDPFA302/2019/06/CTDPFA302_10.31.3.195_2101_20190616T1444_UTC.dat,0122
RS03AXPS-SF03A-2A-CTDPFA302,2017,https://rawdata.oceanobservatories.org/files/RS03AXPS/SF03A/CTDPFA302/2017/07/CTDPFA302_10.31.3.195_2101_20170731T0453_UTC.dat,0122
RS03AXPS-SF03A-2A-CTDPFA302,2016,https://rawdata.oceanobservatories.org/files/RS03AXPS/SF03A/CTDPFA302/2016/07/CTDPFA302_10.31.3.195_2101_20160714T1756_UTC.dat,7232
RS03AXPS-SF03A-2A-CTDPFA302,2015,https://rawdata.oceanobservatories.org/files/RS03AXPS/SF03A/CTDPFA302/2015/07/CTDPFA302_10.31.3.195_2101_20150710T1949_UTC.dat,0122
RS03AXPS-SF03A-2A-CTDPFA302,2014,https://rawdata.oceanobservatories.org/files/RS03AXPS/SF03A/CTDPFA302/2014/10/CTDPFA302_10.31.3.195_2101_20141007T2058_UTC.dat,7232
RS03AXPS-PC03A-4C-FLORDD303,2025,https://rawdata.oceanobservatories.org/files/RS03AXPS/PC03A/FLORDD303/2025/08/FLORDD303_10.31.3.137_2101_20250808T1525_UTC.dat,1294
RS03AXPS-PC03A-4C-FLORDD303,2024,https://rawdata.oceanobservatories.org/files/RS03AXPS/PC03A/FLORDD303/2024/08/FLORDD303_10.31.3.137_2101_20240812T0431_UTC.dat,1131
RS03AXPS-PC03A-4C-FLORDD303,2023,https://rawdata.oceanobservatories.org/files/RS03AXPS/PC03A/FLORDD303/2023/08/FLORDD303_10.31.3.137_2101_20230826T1646_UTC.dat,1294
RS03AXPS-PC03A-4C-FLORDD303,2022,https://rawdata.oceanobservatories.org/files/RS03AXPS/PC03A/FLORDD303/2022/08/FLORDD303_10.31.3.137_2101_20220813T0046_UTC.dat,1131
RS03AXPS-PC03A-4C-FLORDD303,2021,https://rawdata.oceanobservatories.org/files/RS03AXPS/PC03A/FLORDD303/2021/08/FLORDD303_10.31.3.137_2101_20210804T1832_UTC.dat,1294
RS03AXPS-PC03A-4C-FLORDD303,2020,https://rawdata.oceanobservatories.org/files/RS03AXPS/PC03A/FLORDD303/2020/08/FLORDD303_10.31.3.137_2101_20200805T1600_UTC.dat,1131
RS03AXPS-PC03A-4C-FLORDD303,2019,https://rawdata.oceanobservatories.org/files/RS03AXPS/PC03A/FLORDD303/2019/06/FLORDD303_10.31.3.137_2101_20190616T1443_UTC.dat,1294
RS03AXPS-PC03A-4C-FLORDD303,2017,https://rawdata.oceanobservatories.org/files/RS03AXPS/PC03A/FLORDD303/2017/07/FLORDD303_10.31.3.137_2101_20170731T0432_UTC.dat,1294
RS03AXPS-PC03A-4C-FLORDD303,2016,https://rawdata.oceanobservatories.org/files/RS03AXPS/PC03A/FLORDD303/2016/07/FLORDD303_10.31.3.137_2101_20160714T1814_UTC.dat,1131
RS03AXPS-PC03A-4C-FLORDD303,2015,https://rawdata.oceanobservatories.org/files/RS03AXPS/PC03A/FLORDD303/2015/07/FLORDD303_10.31.3.137_2101_20150710T0059_UTC.dat,1294
RS03AXPS-PC03A-4C-FLORDD303,2014,https://rawdata.oceanobservatories.org/files/RS03AXPS/PC03A/FLORDD303/2014/10/FLORDD303_10.31.3.137_2101_20141002T2015_UTC.dat,1131
RS03AXPS-PC03A-4A-CTDPFA303,2025,https://rawdata.oceanobservatories.org/files/RS03AXPS/PC03A/CTDPFA303/2025/08/CTDPFA303_10.31.3.135_2101_20250808T1525_UTC.dat,0123
RS03AXPS-PC03A-4A-CTDPFA303,2024,https://rawdata.oceanobservatories.org/files/RS03AXPS/PC03A/CTDPFA303/2024/08/CTDPFA303_10.31.3.135_2101_20240812T0431_UTC.dat,7233
RS03AXPS-PC03A-4A-CTDPFA303,2023,https://rawdata.oceanobservatories.org/files/RS03AXPS/PC03A/CTDPFA303/2023/08/CTDPFA303_10.31.3.135_2101_20230826T1646_UTC.dat,0123
RS03AXPS-PC03A-4A-CTDPFA303,2022,https://rawdata.oceanobservatories.org/files/RS03AXPS/PC03A/CTDPFA303/2022/08/CTDPFA303_10.31.3.135_2101_20220813T0046_UTC.dat,7233
RS03AXPS-PC03A-4A-CTDPFA303,2021,https://rawdata.oceanobservatories.org/files/RS03AXPS/PC03A/CTDPFA303/2021/08/CTDPFA303_10.31.3.135_2101_20210804T1807_UTC.dat,0123
RS03AXPS-PC03A-4A-CTDPFA303,2020,https://rawdata.oceanobservatories.org/files/RS03AXPS/PC03A/CTDPFA303/2020/08/CTDPFA303_10.31.3.135_2101_20200805T1600_UTC.dat,7233
RS03AXPS-PC03A-4A-CTDPFA303,2019,https://rawdata.oceanobservatories.org/files/RS03AXPS/PC03A/CTDPFA303/2019/06/CTDPFA303_10.31.3.135_2101_20190616T1443_UTC.dat,0123
RS03AXPS-PC03A-4A-CTDPFA303,2017,https://rawdata.oceanobservatories.org/files/RS03AXPS/PC03A/CTDPFA303/2017/07/CTDPFA303_10.31.3.135_2101_20170731T0432_UTC.dat,0123
RS03AXPS-PC03A-4A-CTDPFA303,2016,https://rawdata.oceanobservatories.org/files/RS03AXPS/PC03A/CTDPFA303/2016/07/CTDPFA303_10.31.3.135_2101_20160714T1816_UTC.dat,7233
RS03AXPS-PC03A-4A-CTDPFA303,2015,https://rawdata.oceanobservatories.org/files/RS03AXPS/PC03A/CTDPFA303/2015/07/CTDPFA303_10.31.3.135_2101_20150710T0058_UTC.dat,0123
RS03AXPS-PC03A-4A-CTDPFA303,2014,https://rawdata.oceanobservatories.org/files/RS03AXPS/PC03A/CTDPFA303/2014/10/CTDPFA303_10.31.3.135_2101_20141002T2016_UTC.dat,7233
RS03AXPS-PC03A-06-VADCPB301,2025,none,-99999
RS03AXPS-PC03A-06-VADCPB301,2024,none,-99999
RS03AXPS-PC03A-06-VADCPA301,2023,none,-99999
RS03AXPS-PC03A-06-VADCPA301,2022,none,-99999
RS03AXPS-PC03A-06-VADCPA301,2021,none,-99999
RS03AXPS-PC03A-06-VADCPA301,2020,none,-99999
RS03AXPS-PC03A-06-VADCPA301,2019,none,-99999
RS03AXPS-PC03A-06-VADCPA301,2017,none,-99999
RS03AXPS-PC03A-06-VADCPA301,2016,none,-99999
RS03AXPS-PC03A-06-VADCPA301,2015,none,-99999
RS03AXPS-PC03A-06-VADCPA301,2014,none,-99999
RS03AXPS-PC03A-05-ADCPTD302,2025,https://rawdata.oceanobservatories.org/files/RS03AXPS/PC03A/ADCPTD302/2025/08/ADCPTD302_10.31.3.143_2101_20250811T0000_UTC.dat,18974
RS03AXPS-PC03A-05-ADCPTD302,2024,https://rawdata.oceanobservatories.org/files/RS03AXPS/PC03A/ADCPTD302/2024/08/ADCPTD302_10.31.3.143_2101_20240814T0000_UTC.dat,18980
RS03AXPS-PC03A-05-ADCPTD302,2023,https://rawdata.oceanobservatories.org/files/RS03AXPS/PC03A/ADCPTD302/2023/08/ADCPTD302_10.31.3.143_2101_20230829T0000_UTC.dat,18974
RS03AXPS-PC03A-05-ADCPTD302,2022,https://rawdata.oceanobservatories.org/files/RS03AXPS/PC03A/ADCPTD302/2022/08/ADCPTD302_10.31.3.143_2101_20220816T0000_UTC.dat,18980
RS03AXPS-PC03A-05-ADCPTD302,2021,https://rawdata.oceanobservatories.org/files/RS03AXPS/PC03A/ADCPTD302/2021/08/ADCPTD302_10.31.3.143_2101_20210807T0000_UTC.dat,18974
RS03AXPS-PC03A-05-ADCPTD302,2020,https://rawdata.oceanobservatories.org/files/RS03AXPS/PC03A/ADCPTD302/2020/08/ADCPTD302_10.31.3.143_2101_20200808T0000_UTC.dat,18980
RS03AXPS-PC03A-05-ADCPTD302,2019,https://rawdata.oceanobservatories.org/files/RS03AXPS/PC03A/ADCPTD302/2019/06/ADCPTD302_10.31.3.143_2101_20190619T0000_UTC.dat,18974
RS03AXPS-PC03A-05-ADCPTD302,2017,https://rawdata.oceanobservatories.org/files/RS03AXPS/PC03A/ADCPTD302/2017/08/ADCPTD302_10.31.3.143_2101_20170804T0000_UTC.dat,23339
RS03AXPS-PC03A-05-ADCPTD302,2016,https://rawdata.oceanobservatories.org/files/RS03AXPS/PC03A/ADCPTD302/2016/07/ADCPTD302_10.31.3.143_2101_20160718T0000_UTC.dat,18974
RS03AXPS-PC03A-05-ADCPTD302,2015,https://rawdata.oceanobservatories.org/files/RS03AXPS/PC03A/ADCPTD302/2015/07/ADCPTD302_10.31.3.143_2101_20150712T0000_UTC.dat,23339
RS03AXPS-PC03A-05-ADCPTD302,2014,none,-99999
RS03AXPD-DP03A-06-DOSTAD304,2024,https://rawdata.oceanobservatories.org/files/RS03AXPD/PD03A/eng_data/2024/08/31/sernums_hi-res_9_20240831T000038_UTC.txt,137
RS03AXPD-DP03A-06-DOSTAD304,2023,https://rawdata.oceanobservatories.org/files/RS03AXPD/PD03A/eng_data/2023/09/13/sernums_hi-res_28_20230913T120040_UTC.txt,274
RS03AXPD-DP03A-06-DOSTAD304,2022,https://rawdata.oceanobservatories.org/files/RS03AXPD/PD03A/eng_data/2022/08/29/sernums_hi-res_235_20220829T030509_UTC.txt,458
RS03AXPD-DP03A-06-DOSTAD304,2021,https://rawdata.oceanobservatories.org/files/RS03AXPD/PD03A/eng_data/2021/08/27/sernums_hi-res_580_20210827T161123_UTC.txt,317
RS03AXPD-DP03A-06-DOSTAD304,2020,https://rawdata.oceanobservatories.org/files/RS03AXPD/PD03A/eng_data/2020/08/19/sernums_hi-res_551_20200819T181153_UTC.txt,459
RS03AXPD-DP03A-06-DOSTAD304,2019,none,-99999
RS03AXPD-DP03A-06-DOSTAD304,2018,none,-99999
RS03AXPD-DP03A-06-DOSTAD304,2017,none,-99999
RS03AXPD-DP03A-06-DOSTAD304,2015,none,-99999
RS03AXPD-DP03A-06-DOSTAD304,2014,none,-99999
RS03AXPD-DP03A-03-FLNTUA302,2024,https://rawdata.oceanobservatories.org/files/RS03AXPD/PD03A/eng_data/2024/08/31/sernums_hi-res_9_20240831T000038_UTC.txt,3099
RS03AXPD-DP03A-03-FLNTUA302,2023,https://rawdata.oceanobservatories.org/files/RS03AXPD/PD03A/eng_data/2023/09/13/sernums_hi-res_28_20230913T120040_UTC.txt,3637
RS03AXPD-DP03A-03-FLNTUA302,2022,https://rawdata.oceanobservatories.org/files/RS03AXPD/PD03A/eng_data/2022/08/29/sernums_hi-res_235_20220829T030509_UTC.txt,3099
RS03AXPD-DP03A-03-FLNTUA302,2021,https://rawdata.oceanobservatories.org/files/RS03AXPD/PD03A/eng_data/2021/08/27/sernums_hi-res_580_20210827T161123_UTC.txt,3762
RS03AXPD-DP03A-03-FLNTUA302,2020,https://rawdata.oceanobservatories.org/files/RS03AXPD/PD03A/eng_data/2020/08/19/sernums_hi-res_551_20200819T181153_UTC.txt,3468
RS03AXPD-DP03A-03-FLNTUA302,2019,none,-99999
RS03AXPD-DP03A-03-FLNTUA302,2018,none,-99999
RS03AXPD-DP03A-03-FLNTUA302,2017,none,-99999
RS03AXPD-DP03A-03-FLNTUA302,2015,none,-99999
RS03AXPD-DP03A-03-FLNTUA302,2014,none,-99999
RS03AXPD-DP03A-03-FLCDRA302,2024,https://rawdata.oceanobservatories.org/files/RS03AXPD/PD03A/eng_data/2024/08/31/sernums_hi-res_9_20240831T000038_UTC.txt,3098
RS03AXPD-DP03A-03-FLCDRA302,2023,https://rawdata.oceanobservatories.org/files/RS03AXPD/PD03A/eng_data/2023/09/13/sernums_hi-res_28_20230913T120040_UTC.txt,3716
RS03AXPD-DP03A-03-FLCDRA302,2022,https://rawdata.oceanobservatories.org/files/RS03AXPD/PD03A/eng_data/2022/08/29/sernums_hi-res_235_20220829T030509_UTC.txt,3098
RS03AXPD-DP03A-03-FLCDRA302,2021,https://rawdata.oceanobservatories.org/files/RS03AXPD/PD03A/eng_data/2021/08/27/sernums_hi-res_580_20210827T161123_UTC.txt,3399
RS03AXPD-DP03A-03-FLCDRA302,2020,https://rawdata.oceanobservatories.org/files/RS03AXPD/PD03A/eng_data/2020/08/19/sernums_hi-res_551_20200819T181153_UTC.txt,3460
RS03AXPD-DP03A-03-FLCDRA302,2019,none,-99999
RS03AXPD-DP03A-03-FLCDRA302,2018,none,-99999
RS03AXPD-DP03A-03-FLCDRA302,2017,none,-99999
RS03AXPD-DP03A-03-FLCDRA302,2015,none,-99999
RS03AXPD-DP03A-03-FLCDRA302,2014,none,-99999
RS03AXPD-DP03A-02-VEL3DA303,2024,https://rawdata.oceanobservatories.org/files/RS03AXPD/PD03A/eng_data/2024/08/31/sernums_hi-res_9_20240831T000038_UTC.txt,1131
RS03AXPD-DP03A-02-VEL3DA303,2023,https://rawdata.oceanobservatories.org/files/RS03AXPD/PD03A/eng_data/2023/09/13/sernums_hi-res_28_20230913T120040_UTC.txt,1130
RS03AXPD-DP03A-02-VEL3DA303,2022,https://rawdata.oceanobservatories.org/files/RS03AXPD/PD03A/eng_data/2022/08/29/sernums_hi-res_235_20220829T030509_UTC.txt,1131
RS03AXPD-DP03A-02-VEL3DA303,2021,https://rawdata.oceanobservatories.org/files/RS03AXPD/PD03A/eng_data/2021/08/27/sernums_hi-res_580_20210827T161123_UTC.txt,1215
RS03AXPD-DP03A-02-VEL3DA303,2020,https://rawdata.oceanobservatories.org/files/RS03AXPD/PD03A/eng_data/2020/08/19/sernums_hi-res_551_20200819T181153_UTC.txt,1148
RS03AXPD-DP03A-02-VEL3DA303,2019,none,-99999
RS03AXPD-DP03A-02-VEL3DA303,2018,none,-99999
RS03AXPD-DP03A-02-VEL3DA303,2017,none,-99999
RS03AXPD-DP03A-02-VEL3DA303,2015,none,-99999
RS03AXPD-DP03A-02-VEL3DA303,2014,none,-99999
RS03AXPD-DP03A-01-CTDPFL304,2024,https://rawdata.oceanobservatories.org/files/RS03AXPD/PD03A/eng_data/2024/08/31/sernums_hi-res_9_20240831T000038_UTC.txt,0139
RS03AXPD-DP03A-01-CTDPFL304,2023,https://rawdata.oceanobservatories.org/files/RS03AXPD/PD03A/eng_data/2023/09/13/sernums_hi-res_28_20230913T120040_UTC.txt,0137
RS03AXPD-DP03A-01-CTDPFL304,2022,https://rawdata.oceanobservatories.org/files/RS03AXPD/PD03A/eng_data/2022/08/29/sernums_hi-res_235_20220829T030509_UTC.txt,0145
RS03AXPD-DP03A-01-CTDPFL304,2021,https://rawdata.oceanobservatories.org/files/RS03AXPD/PD03A/eng_data/2021/08/27/sernums_hi-res_580_20210827T161123_UTC.txt,0138
RS03AXPD-DP03A-01-CTDPFL304,2020,https://rawdata.oceanobservatories.org/files/RS03AXPD/PD03A/eng_data/2020/08/19/sernums_hi-res_551_20200819T181153_UTC.txt,0144
RS03AXPD-DP03A-01-CTDPFL304,2019,none,-99999
RS03AXPD-DP03A-01-CTDPFL304,2018,none,-99999
RS03AXPD-DP03A-01-CTDPFL304,2017,none,-99999
RS03AXPD-DP03A-01-CTDPFL304,2015,none,-99999
RS03AXPD-DP03A-01-CTDPFL304,2014,none,-99999
RS03AXPD-DP03A-00-ENG000000,2024,https://rawdata.oceanobservatories.org/files/RS03AXPD/PD03A/eng_data/2024/08/31/sernums_hi-res_9_20240831T000038_UTC.txt,3
RS03AXPD-DP03A-00-ENG000000,2023,https://rawdata.oceanobservatories.org/files/RS03AXPD/PD03A/eng_data/2023/09/13/sernums_hi-res_28_20230913T120040_UTC.txt,2
RS03AXPD-DP03A-00-ENG000000,2022,https://rawdata.oceanobservatories.org/files/RS03AXPD/PD03A/eng_data/2022/08/29/sernums_hi-res_235_20220829T030509_UTC.txt,7
RS03AXPD-DP03A-00-ENG000000,2021,https://rawdata.oceanobservatories.org/files/RS03AXPD/PD03A/eng_data/2021/08/27/sernums_hi-res_580_20210827T161123_UTC.txt,6
RS03AXPD-DP03A-00-ENG000000,2020,https://rawdata.oceanobservatories.org/files/RS03AXPD/PD03A/eng_data/2020/08/19/sernums_hi-res_551_20200819T181153_UTC.txt,4
RS03AXPD-DP03A-00-ENG000000,2019,none,-99999
RS03AXPD-DP03A-00-ENG000000,2018,none,-99999
RS03AXPD-DP03A-00-ENG000000,2017,none,-99999
RS03AXPD-DP03A-00-ENG000000,2015,none,-99999
RS03AXPD-DP03A-00-ENG000000,2014,none,-99999
RS03AXBS-MJ03A-06-PRESTA301,2022,none,-99999
RS03AXBS-MJ03A-06-PRESTA301,2020,https://rawdata.oceanobservatories.org/files/RS03AXBS/MJ03A/PRESTA301/2020/08/PRESTA301_10.31.2.6_2101_20200806T0537_UTC.dat,9
RS03AXBS-MJ03A-06-PRESTA301,2016,https://rawdata.oceanobservatories.org/files/RS03AXBS/MJ03A/PRESTA301/2016/07/PRESTA301_10.31.2.6_2101_20160713T2050_UTC.dat,8
RS03AXBS-MJ03A-06-PRESTA301,2014,none,-99999
RS03AXBS-LJ03A-12-CTDPFB301,2024,none,-99999
RS03AXBS-LJ03A-12-CTDPFB301,2023,https://rawdata.oceanobservatories.org/files/RS03AXBS/LJ03A/CTDPFB301/2023/09/CTDPFB301_10.31.5.12_2101_20230913T1403_UTC.dat,0128
RS03AXBS-LJ03A-12-CTDPFB301,2022,https://rawdata.oceanobservatories.org/files/RS03AXBS/LJ03A/CTDPFB301/2022/08/CTDPFB301_10.31.5.12_2101_20220830T0000_UTC.dat,0031
RS03AXBS-LJ03A-12-CTDPFB301,2021,https://rawdata.oceanobservatories.org/files/RS03AXBS/LJ03A/CTDPFB301/2021/08/CTDPFB301_10.31.5.12_2101_20210804T1746_UTC.dat,0128
RS03AXBS-LJ03A-12-CTDPFB301,2020,https://rawdata.oceanobservatories.org/files/RS03AXBS/LJ03A/CTDPFB301/2020/08/CTDPFB301_10.31.5.12_2101_20200805T1554_UTC.dat,0031
RS03AXBS-LJ03A-12-CTDPFB301,2019,https://rawdata.oceanobservatories.org/files/RS03AXBS/LJ03A/CTDPFB301/2019/06/CTDPFB301_10.31.5.12_2101_20190617T2104_UTC.dat,0119
RS03AXBS-LJ03A-12-CTDPFB301,2018,https://rawdata.oceanobservatories.org/files/RS03AXBS/LJ03A/CTDPFB301/2018/07/CTDPFB301_10.31.5.12_2101_20180709T1541_UTC.dat,0031
RS03AXBS-LJ03A-12-CTDPFB301,2017,https://rawdata.oceanobservatories.org/files/RS03AXBS/LJ03A/CTDPFB301/2017/07/CTDPFB301_10.31.5.12_2101_20170731T2218_UTC.dat,0128
RS03AXBS-LJ03A-12-CTDPFB301,2016,https://rawdata.oceanobservatories.org/files/RS03AXBS/LJ03A/CTDPFB301/2016/07/CTDPFB301_10.31.5.12_2101_20160712T2102_UTC.dat,0031
RS03AXBS-LJ03A-12-CTDPFB301,2015,https://rawdata.oceanobservatories.org/files/RS03AXBS/LJ03A/CTDPFB301/2015/07/CTDPFB301_10.31.5.12_2101_20150714T2225_UTC.dat,0128
RS03AXBS-LJ03A-12-CTDPFB301,2014,https://rawdata.oceanobservatories.org/files/RS03AXBS/LJ03A/CTDPFB301/2014/08/CTDPFB301_10.31.5.12_2101_20140822_UTC.dat,0031
RS03AXBS-LJ03A-11-OPTAAC303,2024,https://rawdata.oceanobservatories.org/files/RS03AXBS/LJ03A/OPTAAC303/2024/09/OPTAAC303_10.31.5.11_2101_20240904T1752_UTC.dat,156
RS03AXBS-LJ03A-11-OPTAAC303,2023,https://rawdata.oceanobservatories.org/files/RS03AXBS/LJ03A/OPTAAC303/2023/09/OPTAAC303_10.31.5.11_2101_20230924T0001_UTC.dat,250
RS03AXBS-LJ03A-11-OPTAAC303,2022,https://rawdata.oceanobservatories.org/files/RS03AXBS/LJ03A/OPTAAC303/2022/09/OPTAAC303_10.31.5.11_2101_20220901T0000_UTC.dat,156
RS03AXBS-LJ03A-11-OPTAAC303,2021,https://rawdata.oceanobservatories.org/files/RS03AXBS/LJ03A/OPTAAC303/2021/08/OPTAAC303_10.31.5.11_2101_20210807T0000_UTC.dat,250
RS03AXBS-LJ03A-11-OPTAAC303,2020,https://rawdata.oceanobservatories.org/files/RS03AXBS/LJ03A/OPTAAC303/2020/08/OPTAAC303_10.31.5.11_2101_20200809T0000_UTC.dat,156
RS03AXBS-LJ03A-11-OPTAAC303,2019,https://rawdata.oceanobservatories.org/files/RS03AXBS/LJ03A/OPTAAC303/2019/06/OPTAAC303_10.31.5.11_2101_20190620T0000_UTC.dat,155
RS03AXBS-LJ03A-11-OPTAAC303,2018,https://rawdata.oceanobservatories.org/files/RS03AXBS/LJ03A/OPTAAC303/2018/07/OPTAAC303_10.31.5.11_2101_20180712T0000_UTC.dat,156
RS03AXBS-LJ03A-11-OPTAAC303,2017,https://rawdata.oceanobservatories.org/files/RS03AXBS/LJ03A/OPTAAC303/2017/10/OPTAAC303_10.31.5.11_2101_20171005T2100_UTC.dat,191
RS03AXBS-LJ03A-11-OPTAAC303,2016,https://rawdata.oceanobservatories.org/files/RS03AXBS/LJ03A/OPTAAC303/2016/07/OPTAAC303_10.31.5.11_2101_20160715T0000_UTC.dat,156
RS03AXBS-LJ03A-11-OPTAAC303,2015,https://rawdata.oceanobservatories.org/files/RS03AXBS/LJ03A/OPTAAC303/2015/07/OPTAAC303_10.31.5.11_2101_20150715T0000_UTC.dat,141
RS03AXBS-LJ03A-11-OPTAAC303,2014,none,-99999
RS03AXBS-LJ03A-10-ADCPTE303,2022,https://rawdata.oceanobservatories.org/files/RS03AXBS/LJ03A/ADCPTE303/2022/09/ADCPTE303_10.31.5.10_2101_20220901T0000_UTC.dat,18471
RS03AXBS-LJ03A-10-ADCPTE303,2017,none,-99999
RS03AXBS-LJ03A-10-ADCPTE303,2016,https://rawdata.oceanobservatories.org/files/RS03AXBS/LJ03A/ADCPTE303/2016/07/ADCPTE303_10.31.5.10_2101_20160715T0000_UTC.dat,19224
RS03AXBS-LJ03A-10-ADCPTE303,2015,https://rawdata.oceanobservatories.org/files/RS03AXBS/LJ03A/ADCPTE303/2015/07/ADCPTE303_10.31.5.10_2101_20150716T0000_UTC.dat,23443
RS03AXBS-LJ03A-10-ADCPTE303,2014,none,-99999
RS03ASHS-MJ03B-10-CTDPFB304,2025,https://rawdata.oceanobservatories.org/files/RS03ASHS/MJ03B/CTDPFB304/2025/08/CTDPFB304_10.31.7.10_2101_20250809T1624_UTC.dat,0209
RS03ASHS-MJ03B-10-CTDPFB304,2024,https://rawdata.oceanobservatories.org/files/RS03ASHS/MJ03B/CTDPFB304/2024/08/CTDPFB304_10.31.7.10_2101_20240831T1259_UTC.dat,0210
RS03ASHS-MJ03B-10-CTDPFB304,2023,https://rawdata.oceanobservatories.org/files/RS03ASHS/MJ03B/CTDPFB304/2023/09/CTDPFB304_10.31.7.10_2101_20230906T0001_UTC.dat,0209
RS03ASHS-MJ03B-10-CTDPFB304,2022,https://rawdata.oceanobservatories.org/files/RS03ASHS/MJ03B/CTDPFB304/2022/08/CTDPFB304_10.31.7.10_2101_20220816T1913_UTC.dat,0210
RS03ASHS-MJ03B-10-CTDPFB304,2021,https://rawdata.oceanobservatories.org/files/RS03ASHS/MJ03B/CTDPFB304/2021/08/CTDPFB304_10.31.7.10_2101_20210831T0441_UTC.dat,0209
RS03ASHS-MJ03B-10-CTDPFB304,2020,https://rawdata.oceanobservatories.org/files/RS03ASHS/MJ03B/CTDPFB304/2020/08/CTDPFB304_10.31.7.10_2101_20200806T0000_UTC.dat,0210
RS03ASHS-MJ03B-10-CTDPFB304,2019,https://rawdata.oceanobservatories.org/files/RS03ASHS/MJ03B/CTDPFB304/2019/07/CTDPFB304_10.31.7.10_2101_20190705T2005_UTC.dat,0209
RS03ASHS-MJ03B-10-CTDPFB304,2018,https://rawdata.oceanobservatories.org/files/RS03ASHS/MJ03B/CTDPFB304/2018/07/CTDPFB304_10.31.7.10_2101_20180704T0836_UTC.dat,0210
RS03ASHS-MJ03B-10-CTDPFB304,2017,https://rawdata.oceanobservatories.org/files/RS03ASHS/MJ03B/CTDPFB304/2017/08/CTDPFB304_10.31.7.10_2101_20170815T0007_UTC.dat,0209
RS03ASHS-MJ03B-07-TMPSFA301,2017,https://rawdata.oceanobservatories.org/files/RS03ASHS/MJ03B/TMPSFA301/2017/08/TMPSFA301_10.31.7.7_2101_20170815T0007_UTC.dat,21969
RS03ASHS-MJ03B-07-TMPSFA301,2014,https://rawdata.oceanobservatories.org/files/RS03ASHS/MJ03B/TMPSFA301/2014/09/TMPSFA301_10.31.7.7_2101_20140929T0000_UTC.dat,21968
RS01SUM2-MJ01B-12-ADCPSK101,2023,none,-99999
RS01SUM2-MJ01B-12-ADCPSK101,2018,https://rawdata.oceanobservatories.org/files/RS01SUM2/MJ01B/ADCPSK101/2018/06/ADCPSK101_10.33.7.12_2101_20180629T0000_UTC.dat,18977
RS01SUM2-MJ01B-12-ADCPSK101,2014,none,-99999
RS01SUM1-LJ01B-09-PRESTB102,2017,https://rawdata.oceanobservatories.org/files/RS01SUM1/LJ01B/PRESTB102/2017/08/PRESTB102_10.33.8.9_2101_20170811T2321_UTC.dat,7
RS01SUM1-LJ01B-09-PRESTB102,2014,https://rawdata.oceanobservatories.org/files/RS01SUM1/LJ01B/PRESTB102/2014/09/PRESTB102_10.33.8.9_2101_20140918T2113_UTC.dat,1
RS01SLBS-MJ01A-06-PRESTA101,2018,none,-99999
RS01SLBS-MJ01A-06-PRESTA101,2014,https://rawdata.oceanobservatories.org/files/RS01SLBS/MJ01A/PRESTA101/2014/09/PRESTA101_10.33.2.6_2101_20140912T2300_UTC.dat,0
RS01SLBS-LJ01A-12-CTDPFB101,2024,https://rawdata.oceanobservatories.org/files/RS01SLBS/LJ01A/CTDPFB101/2024/08/CTDPFB101_10.33.5.12_2101_20240814T2057_UTC.dat,7234
RS01SLBS-LJ01A-12-CTDPFB101,2023,https://rawdata.oceanobservatories.org/files/RS01SLBS/LJ01A/CTDPFB101/2023/08/CTDPFB101_10.33.5.12_2101_20230818T1518_UTC.dat,0119
RS01SLBS-LJ01A-12-CTDPFB101,2022,https://rawdata.oceanobservatories.org/files/RS01SLBS/LJ01A/CTDPFB101/2022/08/CTDPFB101_10.33.5.12_2101_20220809T1735_UTC.dat,7234
RS01SLBS-LJ01A-12-CTDPFB101,2021,https://rawdata.oceanobservatories.org/files/RS01SLBS/LJ01A/CTDPFB101/2021/08/CTDPFB101_10.33.5.12_2101_20210824T1931_UTC.dat,0119
RS01SLBS-LJ01A-12-CTDPFB101,2020,https://rawdata.oceanobservatories.org/files/RS01SLBS/LJ01A/CTDPFB101/2020/08/CTDPFB101_10.33.5.12_2101_20200804T1608_UTC.dat,7234
RS01SLBS-LJ01A-12-CTDPFB101,2019,https://rawdata.oceanobservatories.org/files/RS01SLBS/LJ01A/CTDPFB101/2019/06/CTDPFB101_10.33.5.12_2101_20190619T2116_UTC.dat,0128
RS01SLBS-LJ01A-12-CTDPFB101,2018,https://rawdata.oceanobservatories.org/files/RS01SLBS/LJ01A/CTDPFB101/2018/06/CTDPFB101_10.33.5.12_2101_20180626T0000_UTC.dat,7234
RS01SLBS-LJ01A-12-CTDPFB101,2017,https://rawdata.oceanobservatories.org/files/RS01SLBS/LJ01A/CTDPFB101/2017/07/CTDPFB101_10.33.5.12_2101_20170729T1906_UTC.dat,0119
RS01SLBS-LJ01A-12-CTDPFB101,2016,https://rawdata.oceanobservatories.org/files/RS01SLBS/LJ01A/CTDPFB101/2016/07/CTDPFB101_10.33.5.12_2101_20160716T0245_UTC.dat,7234
RS01SLBS-LJ01A-12-CTDPFB101,2015,https://rawdata.oceanobservatories.org/files/RS01SLBS/LJ01A/CTDPFB101/2015/07/CTDPFB101_10.33.5.12_2101_20150709T1626_UTC.dat,0119
RS01SLBS-LJ01A-12-CTDPFB101,2014,https://rawdata.oceanobservatories.org/files/RS01SLBS/LJ01A/CTDPFB101/2014/08/CTDPFB101_10.33.5.12_2101_20140828T2227_UTC.dat,7234
RS01SLBS-LJ01A-11-OPTAAC103,2024,https://rawdata.oceanobservatories.org/files/RS01SLBS/LJ01A/OPTAAC103/2024/08/OPTAAC103_10.33.5.11_2101_20240817T0000_UTC.dat,248
RS01SLBS-LJ01A-11-OPTAAC103,2023,https://rawdata.oceanobservatories.org/files/RS01SLBS/LJ01A/OPTAAC103/2023/08/OPTAAC103_10.33.5.11_2101_20230820T0000_UTC.dat,155
RS01SLBS-LJ01A-11-OPTAAC103,2022,https://rawdata.oceanobservatories.org/files/RS01SLBS/LJ01A/OPTAAC103/2022/08/OPTAAC103_10.33.5.11_2101_20220812T0000_UTC.dat,248
RS01SLBS-LJ01A-11-OPTAAC103,2021,https://rawdata.oceanobservatories.org/files/RS01SLBS/LJ01A/OPTAAC103/2021/09/OPTAAC103_10.33.5.11_2101_20210903T1658_UTC.dat,155
RS01SLBS-LJ01A-11-OPTAAC103,2020,https://rawdata.oceanobservatories.org/files/RS01SLBS/LJ01A/OPTAAC103/2020/08/OPTAAC103_10.33.5.11_2101_20200806T0000_UTC.dat,248
RS01SLBS-LJ01A-11-OPTAAC103,2019,https://rawdata.oceanobservatories.org/files/RS01SLBS/LJ01A/OPTAAC103/2019/06/OPTAAC103_10.33.5.11_2101_20190623T0000_UTC.dat,250
RS01SLBS-LJ01A-11-OPTAAC103,2018,https://rawdata.oceanobservatories.org/files/RS01SLBS/LJ01A/OPTAAC103/2018/06/OPTAAC103_10.33.5.11_2101_20180629T0000_UTC.dat,248
RS01SLBS-LJ01A-11-OPTAAC103,2017,https://rawdata.oceanobservatories.org/files/RS01SLBS/LJ01A/OPTAAC103/2017/10/OPTAAC103_10.33.5.11_2101_20171007T0000_UTC.dat,204
RS01SLBS-LJ01A-11-OPTAAC103,2016,https://rawdata.oceanobservatories.org/files/RS01SLBS/LJ01A/OPTAAC103/2016/07/OPTAAC103_10.33.5.11_2101_20160720T0000_UTC.dat,155
RS01SLBS-LJ01A-11-OPTAAC103,2015,https://rawdata.oceanobservatories.org/files/RS01SLBS/LJ01A/OPTAAC103/2015/07/OPTAAC103_10.33.5.11_2101_20150712T0000_UTC.dat,204
RS01SLBS-LJ01A-11-OPTAAC103,2014,none,-99999
RS01SLBS-LJ01A-10-ADCPTE101,2023,https://rawdata.oceanobservatories.org/files/RS01SLBS/LJ01A/ADCPTE101/2023/08/ADCPTE101_10.33.5.10_2101_20230820T0000_UTC.dat,19224
RS01SLBS-LJ01A-10-ADCPTE101,2020,https://rawdata.oceanobservatories.org/files/RS01SLBS/LJ01A/ADCPTE101/2020/08/ADCPTE101_10.33.5.10_2101_20200807T0000_UTC.dat,18813
RS01SLBS-LJ01A-10-ADCPTE101,2017,https://rawdata.oceanobservatories.org/files/RS01SLBS/LJ01A/ADCPTE101/2017/08/ADCPTE101_10.33.5.10_2101_20170803T0000_UTC.dat,23442
RS01SLBS-LJ01A-10-ADCPTE101,2016,https://rawdata.oceanobservatories.org/files/RS01SLBS/LJ01A/ADCPTE101/2016/07/ADCPTE101_10.33.5.10_2101_20160720T0000_UTC.dat,18813
RS01SLBS-LJ01A-10-ADCPTE101,2015,https://rawdata.oceanobservatories.org/files/RS01SLBS/LJ01A/ADCPTE101/2015/07/ADCPTE101_10.33.5.10_2101_20150712T0000_UTC.dat,23442
RS01SLBS-LJ01A-10-ADCPTE101,2014,none,-99999
RS01SBPS-SF01A-4A-NUTNRA101,2025,https://rawdata.oceanobservatories.org/files/RS01SBPS/SF01A/NUTNRA101/2025/08/NUTNRA101_10.33.3.206_2101_20250814T2322_UTC.dat,344
RS01SBPS-SF01A-4A-NUTNRA101,2025,https://rawdata.oceanobservatories.org/files/RS01SBPS/SF01A/NUTNRA101/2025/08/NUTNRA101_10.33.3.206_2101_20250812T1639_UTC.dat,344
RS01SBPS-SF01A-4A-NUTNRA101,2024,https://rawdata.oceanobservatories.org/files/RS01SBPS/SF01A/NUTNRA101/2024/08/NUTNRA101_10.33.3.206_2101_20240809T0000_UTC.dat,380
RS01SBPS-SF01A-4A-NUTNRA101,2023,https://rawdata.oceanobservatories.org/files/RS01SBPS/SF01A/NUTNRA101/2023/08/NUTNRA101_10.33.3.206_2101_20230817T2126_UTC.dat,344
RS01SBPS-SF01A-4A-NUTNRA101,2022,https://rawdata.oceanobservatories.org/files/RS01SBPS/SF01A/NUTNRA101/2022/09/NUTNRA101_10.33.3.206_2101_20220915T1620_UTC.dat,380
RS01SBPS-SF01A-4A-NUTNRA101,2021,https://rawdata.oceanobservatories.org/files/RS01SBPS/SF01A/NUTNRA101/2021/08/NUTNRA101_10.33.3.206_2101_20210824T2323_UTC.dat,617
RS01SBPS-SF01A-4A-NUTNRA101,2020,https://rawdata.oceanobservatories.org/files/RS01SBPS/SF01A/NUTNRA101/2020/08/NUTNRA101_10.33.3.206_2101_20200803T1643_UTC.dat,380
RS01SBPS-SF01A-4A-NUTNRA101,2019,https://rawdata.oceanobservatories.org/files/RS01SBPS/SF01A/NUTNRA101/2019/06/NUTNRA101_10.33.3.206_2101_20190614T2309_UTC.dat,617
RS01SBPS-SF01A-4A-NUTNRA101,2018,https://rawdata.oceanobservatories.org/files/RS01SBPS/SF01A/NUTNRA101/2018/07/NUTNRA101_10.33.3.206_2101_20180710T1702_UTC.dat,380
RS01SBPS-SF01A-4A-NUTNRA101,2018,https://rawdata.oceanobservatories.org/files/RS01SBPS/SF01A/NUTNRA101/2018/06/NUTNRA101_10.33.3.206_2101_20180624T1610_UTC.dat,429
RS01SBPS-SF01A-4A-NUTNRA101,2017,https://rawdata.oceanobservatories.org/files/RS01SBPS/SF01A/NUTNRA101/2017/08/NUTNRA101_10.33.3.206_2101_20170804T1900_UTC.dat,617
RS01SBPS-SF01A-4A-NUTNRA101,2016,https://rawdata.oceanobservatories.org/files/RS01SBPS/SF01A/NUTNRA101/2016/07/NUTNRA101_10.33.3.206_2101_20160718T1757_UTC.dat,380
RS01SBPS-SF01A-4A-NUTNRA101,2015,https://rawdata.oceanobservatories.org/files/RS01SBPS/SF01A/NUTNRA101/2015/07/NUTNRA101_10.33.3.206_2101_20150708T2020_UTC.dat,617
RS01SBPS-SF01A-4A-NUTNRA101,2014,https://rawdata.oceanobservatories.org/files/RS01SBPS/SF01A/NUTNRA101/2014/10/NUTNRA101_10.33.3.206_2101_20141006T2152_UTC.dat,380
RS01SBPS-SF01A-3D-SPKIRA101,2025,https://rawdata.oceanobservatories.org/files/RS01SBPS/SF01A/SPKIRA101/2025/08/SPKIRA101_10.33.3.204_2101_20250817T0000_UTC.dat,267
RS01SBPS-SF01A-3D-SPKIRA101,2025,none,-99999
RS01SBPS-SF01A-3D-SPKIRA101,2024,https://rawdata.oceanobservatories.org/files/RS01SBPS/SF01A/SPKIRA101/2024/08/SPKIRA101_10.33.3.204_2101_20240812T0320_UTC.dat,245
RS01SBPS-SF01A-3D-SPKIRA101,2023,https://rawdata.oceanobservatories.org/files/RS01SBPS/SF01A/SPKIRA101/2023/08/SPKIRA101_10.33.3.204_2101_20230820T0000_UTC.dat,267
RS01SBPS-SF01A-3D-SPKIRA101,2022,none,-99999
RS01SBPS-SF01A-3D-SPKIRA101,2021,https://rawdata.oceanobservatories.org/files/RS01SBPS/SF01A/SPKIRA101/2021/08/SPKIRA101_10.33.3.204_2101_20210827T0000_UTC.dat,292
RS01SBPS-SF01A-3D-SPKIRA101,2020,https://rawdata.oceanobservatories.org/files/RS01SBPS/SF01A/SPKIRA101/2020/08/SPKIRA101_10.33.3.204_2101_20200806T0000_UTC.dat,245
RS01SBPS-SF01A-3D-SPKIRA101,2019,https://rawdata.oceanobservatories.org/files/RS01SBPS/SF01A/SPKIRA101/2019/06/SPKIRA101_10.33.3.204_2101_20190617T0000_UTC.dat,292
RS01SBPS-SF01A-3D-SPKIRA101,2018,https://rawdata.oceanobservatories.org/files/RS01SBPS/SF01A/SPKIRA101/2018/07/SPKIRA101_10.33.3.204_2101_20180712T0000_UTC.dat,267
RS01SBPS-SF01A-3D-SPKIRA101,2018,https://rawdata.oceanobservatories.org/files/RS01SBPS/SF01A/SPKIRA101/2018/06/SPKIRA101_10.33.3.204_2101_20180627T0000_UTC.dat,244
RS01SBPS-SF01A-3D-SPKIRA101,2017,https://rawdata.oceanobservatories.org/files/RS01SBPS/SF01A/SPKIRA101/2017/08/SPKIRA101_10.33.3.204_2101_20170807T0000_UTC.dat,292
RS01SBPS-SF01A-3D-SPKIRA101,2016,https://rawdata.oceanobservatories.org/files/RS01SBPS/SF01A/SPKIRA101/2016/07/SPKIRA101_10.33.3.204_2101_20160721T0000_UTC.dat,245
RS01SBPS-SF01A-3D-SPKIRA101,2015,https://rawdata.oceanobservatories.org/files/RS01SBPS/SF01A/SPKIRA101/2015/07/SPKIRA101_10.33.3.204_2101_20150708T2021_UTC.dat,292
RS01SBPS-SF01A-3D-SPKIRA101,2014,https://rawdata.oceanobservatories.org/files/RS01SBPS/SF01A/SPKIRA101/2014/10/SPKIRA101_10.33.3.204_2101_20141008T0000_UTC.dat,245
RS01SBPS-SF01A-3C-PARADA101,2025,none,-99999
RS01SBPS-SF01A-3C-PARADA101,2025,none,-99999
RS01SBPS-SF01A-3C-PARADA101,2024,none,-99999
RS01SBPS-SF01A-3C-PARADA101,2023,none,-99999
RS01SBPS-SF01A-3C-PARADA101,2022,none,-99999
RS01SBPS-SF01A-3C-PARADA101,2021,none,-99999
RS01SBPS-SF01A-3C-PARADA101,2020,none,-99999
RS01SBPS-SF01A-3C-PARADA101,2019,https://rawdata.oceanobservatories.org/files/RS01SBPS/SF01A/PARADA101/2019/06/PARADA101_10.33.3.203_2101_20190617T0000_UTC.dat,556
RS01SBPS-SF01A-3C-PARADA101,2018,https://rawdata.oceanobservatories.org/files/RS01SBPS/SF01A/PARADA101/2018/07/PARADA101_10.33.3.203_2101_20180712T0000_UTC.dat,464
RS01SBPS-SF01A-3C-PARADA101,2018,https://rawdata.oceanobservatories.org/files/RS01SBPS/SF01A/PARADA101/2018/06/PARADA101_10.33.3.203_2101_20180627T0000_UTC.dat,463
RS01SBPS-SF01A-3C-PARADA101,2017,https://rawdata.oceanobservatories.org/files/RS01SBPS/SF01A/PARADA101/2017/08/PARADA101_10.33.3.203_2101_20170807T0000_UTC.dat,556
RS01SBPS-SF01A-3C-PARADA101,2016,https://rawdata.oceanobservatories.org/files/RS01SBPS/SF01A/PARADA101/2016/07/PARADA101_10.33.3.203_2101_20160721T0000_UTC.dat,464
RS01SBPS-SF01A-3C-PARADA101,2015,https://rawdata.oceanobservatories.org/files/RS01SBPS/SF01A/PARADA101/2015/07/PARADA101_10.33.3.203_2101_20150709T0000_UTC.dat,556
RS01SBPS-SF01A-3C-PARADA101,2014,https://rawdata.oceanobservatories.org/files/RS01SBPS/SF01A/PARADA101/2014/10/PARADA101_10.33.3.203_2101_20141008T0000_UTC.dat,464
RS01SBPS-SF01A-3B-OPTAAD101,2025,https://rawdata.oceanobservatories.org/files/RS01SBPS/SF01A/OPTAAD101/2025/08/OPTAAD101_10.33.3.202_2101_20250817T0722_UTC.dat,221
RS01SBPS-SF01A-3B-OPTAAD101,2025,none,-99999
RS01SBPS-SF01A-3B-OPTAAD101,2024,https://rawdata.oceanobservatories.org/files/RS01SBPS/SF01A/OPTAAD101/2024/08/OPTAAD101_10.33.3.202_2101_20240824T0722_UTC.dat,186
RS01SBPS-SF01A-3B-OPTAAD101,2023,https://rawdata.oceanobservatories.org/files/RS01SBPS/SF01A/OPTAAD101/2023/08/OPTAAD101_10.33.3.202_2101_20230831T0722_UTC.dat,223
RS01SBPS-SF01A-3B-OPTAAD101,2022,https://rawdata.oceanobservatories.org/files/RS01SBPS/SF01A/OPTAAD101/2022/09/OPTAAD101_10.33.3.202_2101_20220918T0722_UTC.dat,244
RS01SBPS-SF01A-3B-OPTAAD101,2021,https://rawdata.oceanobservatories.org/files/RS01SBPS/SF01A/OPTAAD101/2021/08/OPTAAD101_10.33.3.202_2101_20210830T0722_UTC.dat,186
RS01SBPS-SF01A-3B-OPTAAD101,2020,https://rawdata.oceanobservatories.org/files/RS01SBPS/SF01A/OPTAAD101/2020/09/OPTAAD101_10.33.3.202_2101_20200901T2042_UTC.dat,244
RS01SBPS-SF01A-3B-OPTAAD101,2019,https://rawdata.oceanobservatories.org/files/RS01SBPS/SF01A/OPTAAD101/2019/06/OPTAAD101_10.33.3.202_2101_20190625T0721_UTC.dat,186
RS01SBPS-SF01A-3B-OPTAAD101,2018,https://rawdata.oceanobservatories.org/files/RS01SBPS/SF01A/OPTAAD101/2018/07/OPTAAD101_10.33.3.202_2101_20180712T0722_UTC.dat,244
RS01SBPS-SF01A-3B-OPTAAD101,2018,https://rawdata.oceanobservatories.org/files/RS01SBPS/SF01A/OPTAAD101/2018/06/OPTAAD101_10.33.3.202_2101_20180627T0722_UTC.dat,251
RS01SBPS-SF01A-3B-OPTAAD101,2017,https://rawdata.oceanobservatories.org/files/RS01SBPS/SF01A/OPTAAD101/2017/10/OPTAAD101_10.33.3.202_2101_20171006T2327_UTC.dat,186
RS01SBPS-SF01A-3B-OPTAAD101,2016,https://rawdata.oceanobservatories.org/files/RS01SBPS/SF01A/OPTAAD101/2016/07/OPTAAD101_10.33.3.202_2101_20160721T0000_UTC.dat,169
RS01SBPS-SF01A-3B-OPTAAD101,2015,https://rawdata.oceanobservatories.org/files/RS01SBPS/SF01A/OPTAAD101/2015/07/OPTAAD101_10.33.3.202_2101_20150710T0000_UTC.dat,244
RS01SBPS-SF01A-3B-OPTAAD101,2014,none,-99999
RS01SBPS-SF01A-3A-FLORTD101,2025,https://rawdata.oceanobservatories.org/files/RS01SBPS/SF01A/FLORTD101/2025/08/FLORTD101_10.33.3.201_2101_20250812T1638_UTC.dat,1150
RS01SBPS-SF01A-3A-FLORTD101,2025,https://rawdata.oceanobservatories.org/files/RS01SBPS/SF01A/FLORTD101/2025/08/FLORTD101_10.33.3.201_2101_20250812T1638_UTC.dat,1150
RS01SBPS-SF01A-3A-FLORTD101,2024,https://rawdata.oceanobservatories.org/files/RS01SBPS/SF01A/FLORTD101/2024/08/FLORTD101_10.33.3.201_2101_20240809T2338_UTC.dat,1130
RS01SBPS-SF01A-3A-FLORTD101,2023,https://rawdata.oceanobservatories.org/files/RS01SBPS/SF01A/FLORTD101/2023/08/FLORTD101_10.33.3.201_2101_20230817T2126_UTC.dat,1150
RS01SBPS-SF01A-3A-FLORTD101,2022,https://rawdata.oceanobservatories.org/files/RS01SBPS/SF01A/FLORTD101/2022/09/FLORTD101_10.33.3.201_2101_20220915T1620_UTC.dat,1130
RS01SBPS-SF01A-3A-FLORTD101,2021,https://rawdata.oceanobservatories.org/files/RS01SBPS/SF01A/FLORTD101/2021/08/FLORTD101_10.33.3.201_2101_20210824T2323_UTC.dat,1292
RS01SBPS-SF01A-3A-FLORTD101,2020,https://rawdata.oceanobservatories.org/files/RS01SBPS/SF01A/FLORTD101/2020/08/FLORTD101_10.33.3.201_2101_20200803T1643_UTC.dat,1130
RS01SBPS-SF01A-3A-FLORTD101,2019,https://rawdata.oceanobservatories.org/files/RS01SBPS/SF01A/FLORTD101/2019/06/FLORTD101_10.33.3.201_2101_20190614T2309_UTC.dat,1292
RS01SBPS-SF01A-3A-FLORTD101,2018,https://rawdata.oceanobservatories.org/files/RS01SBPS/SF01A/FLORTD101/2018/07/FLORTD101_10.33.3.201_2101_20180710T1657_UTC.dat,1195
RS01SBPS-SF01A-3A-FLORTD101,2018,https://rawdata.oceanobservatories.org/files/RS01SBPS/SF01A/FLORTD101/2018/06/FLORTD101_10.33.3.201_2101_20180624T1610_UTC.dat,1028
RS01SBPS-SF01A-3A-FLORTD101,2017,https://rawdata.oceanobservatories.org/files/RS01SBPS/SF01A/FLORTD101/2017/08/FLORTD101_10.33.3.201_2101_20170804T1900_UTC.dat,1292
RS01SBPS-SF01A-3A-FLORTD101,2016,https://rawdata.oceanobservatories.org/files/RS01SBPS/SF01A/FLORTD101/2016/07/FLORTD101_10.33.3.201_2101_20160718T1746_UTC.dat,1130
RS01SBPS-SF01A-3A-FLORTD101,2015,https://rawdata.oceanobservatories.org/files/RS01SBPS/SF01A/FLORTD101/2015/07/FLORTD101_10.33.3.201_2101_20150708T2021_UTC.dat,1292
RS01SBPS-SF01A-3A-FLORTD101,2014,https://rawdata.oceanobservatories.org/files/RS01SBPS/SF01A/FLORTD101/2014/10/FLORTD101_10.33.3.201_2101_20141006T2147_UTC.dat,1130
RS01SBPS-SF01A-2A-CTDPFA102,2025,https://rawdata.oceanobservatories.org/files/RS01SBPS/SF01A/CTDPFA102/2025/08/CTDPFA102_10.33.3.195_2101_20250812T1638_UTC.dat,0115
RS01SBPS-SF01A-2A-CTDPFA102,2025,https://rawdata.oceanobservatories.org/files/RS01SBPS/SF01A/CTDPFA102/2025/08/CTDPFA102_10.33.3.195_2101_20250812T1638_UTC.dat,0115
RS01SBPS-SF01A-2A-CTDPFA102,2024,https://rawdata.oceanobservatories.org/files/RS01SBPS/SF01A/CTDPFA102/2024/08/CTDPFA102_10.33.3.195_2101_20240809T2338_UTC.dat,0030
RS01SBPS-SF01A-2A-CTDPFA102,2023,https://rawdata.oceanobservatories.org/files/RS01SBPS/SF01A/CTDPFA102/2023/08/CTDPFA102_10.33.3.195_2101_20230817T2126_UTC.dat,0115
RS01SBPS-SF01A-2A-CTDPFA102,2022,https://rawdata.oceanobservatories.org/files/RS01SBPS/SF01A/CTDPFA102/2022/09/CTDPFA102_10.33.3.195_2101_20220915T1620_UTC.dat,7205
RS01SBPS-SF01A-2A-CTDPFA102,2021,https://rawdata.oceanobservatories.org/files/RS01SBPS/SF01A/CTDPFA102/2021/08/CTDPFA102_10.33.3.195_2101_20210824T2323_UTC.dat,0030
RS01SBPS-SF01A-2A-CTDPFA102,2020,https://rawdata.oceanobservatories.org/files/RS01SBPS/SF01A/CTDPFA102/2020/08/CTDPFA102_10.33.3.195_2101_20200803T1643_UTC.dat,7205
RS01SBPS-SF01A-2A-CTDPFA102,2019,https://rawdata.oceanobservatories.org/files/RS01SBPS/SF01A/CTDPFA102/2019/06/CTDPFA102_10.33.3.195_2101_20190614T2309_UTC.dat,0115
RS01SBPS-SF01A-2A-CTDPFA102,2018,https://rawdata.oceanobservatories.org/files/RS01SBPS/SF01A/CTDPFA102/2018/07/CTDPFA102_10.33.3.195_2101_20180710T1656_UTC.dat,7232
RS01SBPS-SF01A-2A-CTDPFA102,2018,https://rawdata.oceanobservatories.org/files/RS01SBPS/SF01A/CTDPFA102/2018/06/CTDPFA102_10.33.3.195_2101_20180624T1610_UTC.dat,7205
RS01SBPS-SF01A-2A-CTDPFA102,2017,https://rawdata.oceanobservatories.org/files/RS01SBPS/SF01A/CTDPFA102/2017/08/CTDPFA102_10.33.3.195_2101_20170804T1900_UTC.dat,0115
RS01SBPS-SF01A-2A-CTDPFA102,2016,https://rawdata.oceanobservatories.org/files/RS01SBPS/SF01A/CTDPFA102/2016/07/CTDPFA102_10.33.3.195_2101_20160718T1738_UTC.dat,7205
RS01SBPS-SF01A-2A-CTDPFA102,2015,https://rawdata.oceanobservatories.org/files/RS01SBPS/SF01A/CTDPFA102/2015/07/CTDPFA102_10.33.3.195_2101_20150708T2022_UTC.dat,0115
RS01SBPS-SF01A-2A-CTDPFA102,2014,https://rawdata.oceanobservatories.org/files/RS01SBPS/SF01A/CTDPFA102/2014/10/CTDPFA102_10.33.3.195_2101_20141006T2146_UTC.dat,7205
RS01SBPS-PC01A-4C-FLORDD103,2025,https://rawdata.oceanobservatories.org/files/RS01SBPS/PC01A/FLORDD103/2025/08/FLORDD103_10.33.3.137_2101_20250812T1637_UTC.dat,1129
RS01SBPS-PC01A-4C-FLORDD103,2024,https://rawdata.oceanobservatories.org/files/RS01SBPS/PC01A/FLORDD103/2024/08/FLORDD103_10.33.3.137_2101_20240809T2348_UTC.dat,1132
RS01SBPS-PC01A-4C-FLORDD103,2023,https://rawdata.oceanobservatories.org/files/RS01SBPS/PC01A/FLORDD103/2023/08/FLORDD103_10.33.3.137_2101_20230817T2101_UTC.dat,1129
RS01SBPS-PC01A-4C-FLORDD103,2022,https://rawdata.oceanobservatories.org/files/RS01SBPS/PC01A/FLORDD103/2022/09/FLORDD103_10.33.3.137_2101_20220915T1608_UTC.dat,1132
RS01SBPS-PC01A-4C-FLORDD103,2021,https://rawdata.oceanobservatories.org/files/RS01SBPS/PC01A/FLORDD103/2021/08/FLORDD103_10.33.3.137_2101_20210824T2134_UTC.dat,1129
RS01SBPS-PC01A-4C-FLORDD103,2020,https://rawdata.oceanobservatories.org/files/RS01SBPS/PC01A/FLORDD103/2020/08/FLORDD103_10.33.3.137_2101_20200803T1545_UTC.dat,1132
RS01SBPS-PC01A-4C-FLORDD103,2019,https://rawdata.oceanobservatories.org/files/RS01SBPS/PC01A/FLORDD103/2019/06/FLORDD103_10.33.3.137_2101_20190614T2143_UTC.dat,1129
RS01SBPS-PC01A-4C-FLORDD103,2018,https://rawdata.oceanobservatories.org/files/RS01SBPS/PC01A/FLORDD103/2018/06/FLORDD103_10.33.3.137_2101_20180624T1548_UTC.dat,1131
RS01SBPS-PC01A-4C-FLORDD103,2017,https://rawdata.oceanobservatories.org/files/RS01SBPS/PC01A/FLORDD103/2017/08/FLORDD103_10.33.3.137_2101_20170804T1850_UTC.dat,1297
RS01SBPS-PC01A-4C-FLORDD103,2016,https://rawdata.oceanobservatories.org/files/RS01SBPS/PC01A/FLORDD103/2016/07/FLORDD103_10.33.3.137_2101_20160718T1658_UTC.dat,1132
RS01SBPS-PC01A-4C-FLORDD103,2015,https://rawdata.oceanobservatories.org/files/RS01SBPS/PC01A/FLORDD103/2015/07/FLORDD103_10.33.3.137_2101_20150708T2016_UTC.dat,1297
RS01SBPS-PC01A-4C-FLORDD103,2014,https://rawdata.oceanobservatories.org/files/RS01SBPS/PC01A/FLORDD103/2014/10/FLORDD103_10.33.3.137_2101_20141002T2203_UTC.dat,1132
RS01SBPS-PC01A-4A-CTDPFA103,2025,https://rawdata.oceanobservatories.org/files/RS01SBPS/PC01A/CTDPFA103/2025/08/CTDPFA103_10.33.3.135_2101_20250812T1637_UTC.dat,0118
RS01SBPS-PC01A-4A-CTDPFA103,2024,https://rawdata.oceanobservatories.org/files/RS01SBPS/PC01A/CTDPFA103/2024/08/CTDPFA103_10.33.3.135_2101_20240809T2348_UTC.dat,6914
RS01SBPS-PC01A-4A-CTDPFA103,2023,https://rawdata.oceanobservatories.org/files/RS01SBPS/PC01A/CTDPFA103/2023/08/CTDPFA103_10.33.3.135_2101_20230817T2101_UTC.dat,0118
RS01SBPS-PC01A-4A-CTDPFA103,2022,https://rawdata.oceanobservatories.org/files/RS01SBPS/PC01A/CTDPFA103/2022/09/CTDPFA103_10.33.3.135_2101_20220915T1608_UTC.dat,6914
RS01SBPS-PC01A-4A-CTDPFA103,2021,https://rawdata.oceanobservatories.org/files/RS01SBPS/PC01A/CTDPFA103/2021/08/CTDPFA103_10.33.3.135_2101_20210824T2134_UTC.dat,0118
RS01SBPS-PC01A-4A-CTDPFA103,2020,https://rawdata.oceanobservatories.org/files/RS01SBPS/PC01A/CTDPFA103/2020/08/CTDPFA103_10.33.3.135_2101_20200803T1545_UTC.dat,6914
RS01SBPS-PC01A-4A-CTDPFA103,2019,https://rawdata.oceanobservatories.org/files/RS01SBPS/PC01A/CTDPFA103/2019/06/CTDPFA103_10.33.3.135_2101_20190614T2143_UTC.dat,0118
RS01SBPS-PC01A-4A-CTDPFA103,2018,https://rawdata.oceanobservatories.org/files/RS01SBPS/PC01A/CTDPFA103/2018/06/CTDPFA103_10.33.3.135_2101_20180624T1548_UTC.dat,6914
RS01SBPS-PC01A-4A-CTDPFA103,2017,https://rawdata.oceanobservatories.org/files/RS01SBPS/PC01A/CTDPFA103/2017/08/CTDPFA103_10.33.3.135_2101_20170804T1850_UTC.dat,0118
RS01SBPS-PC01A-4A-CTDPFA103,2016,https://rawdata.oceanobservatories.org/files/RS01SBPS/PC01A/CTDPFA103/2016/07/CTDPFA103_10.33.3.135_2101_20160718T1659_UTC.dat,6914
RS01SBPS-PC01A-4A-CTDPFA103,2015,https://rawdata.oceanobservatories.org/files/RS01SBPS/PC01A/CTDPFA103/2015/07/CTDPFA103_10.33.3.135_2101_20150708T2003_UTC.dat,0118
RS01SBPS-PC01A-4A-CTDPFA103,2014,https://rawdata.oceanobservatories.org/files/RS01SBPS/PC01A/CTDPFA103/2014/10/CTDPFA103_10.33.3.135_2101_20141002T2203_UTC.dat,6914
RS01SBPS-PC01A-06-VADCPB101,2025,none,-99999
RS01SBPS-PC01A-06-VADCPB101,2024,none,-99999
RS01SBPS-PC01A-06-VADCPA101,2023,none,-99999
RS01SBPS-PC01A-06-VADCPA101,2022,none,-99999
RS01SBPS-PC01A-06-VADCPA101,2021,none,-99999
RS01SBPS-PC01A-06-VADCPA101,2020,none,-99999
RS01SBPS-PC01A-06-VADCPA101,2019,none,-99999
RS01SBPS-PC01A-06-VADCPA101,2018,none,-99999
RS01SBPS-PC01A-06-VADCPA101,2017,none,-99999
RS01SBPS-PC01A-06-VADCPA101,2016,none,-99999
RS01SBPS-PC01A-06-VADCPA101,2015,none,-99999
RS01SBPS-PC01A-06-VADCPA101,2014,none,-99999
RS01SBPS-PC01A-05-ADCPTD102,2025,https://rawdata.oceanobservatories.org/files/RS01SBPS/PC01A/ADCPTD102/2025/08/ADCPTD102_10.33.3.143_2101_20250816T0000_UTC.dat,23338
RS01SBPS-PC01A-05-ADCPTD102,2024,https://rawdata.oceanobservatories.org/files/RS01SBPS/PC01A/ADCPTD102/2024/08/ADCPTD102_10.33.3.143_2101_20240812T0000_UTC.dat,23339
RS01SBPS-PC01A-05-ADCPTD102,2023,https://rawdata.oceanobservatories.org/files/RS01SBPS/PC01A/ADCPTD102/2023/08/ADCPTD102_10.33.3.143_2101_20230820T0000_UTC.dat,23338
RS01SBPS-PC01A-05-ADCPTD102,2022,https://rawdata.oceanobservatories.org/files/RS01SBPS/PC01A/ADCPTD102/2022/09/ADCPTD102_10.33.3.143_2101_20220918T0000_UTC.dat,23339
RS01SBPS-PC01A-05-ADCPTD102,2021,https://rawdata.oceanobservatories.org/files/RS01SBPS/PC01A/ADCPTD102/2021/08/ADCPTD102_10.33.3.143_2101_20210827T0000_UTC.dat,23338
RS01SBPS-PC01A-05-ADCPTD102,2020,https://rawdata.oceanobservatories.org/files/RS01SBPS/PC01A/ADCPTD102/2020/08/ADCPTD102_10.33.3.143_2101_20200806T0000_UTC.dat,18478
RS01SBPS-PC01A-05-ADCPTD102,2019,https://rawdata.oceanobservatories.org/files/RS01SBPS/PC01A/ADCPTD102/2019/06/ADCPTD102_10.33.3.143_2101_20190617T0000_UTC.dat,23338
RS01SBPS-PC01A-05-ADCPTD102,2018,none,-99999
RS01SBPS-PC01A-05-ADCPTD102,2017,https://rawdata.oceanobservatories.org/files/RS01SBPS/PC01A/ADCPTD102/2017/08/ADCPTD102_10.33.3.143_2101_20170807T0000_UTC.dat,23338
RS01SBPS-PC01A-05-ADCPTD102,2016,https://rawdata.oceanobservatories.org/files/RS01SBPS/PC01A/ADCPTD102/2016/07/ADCPTD102_10.33.3.143_2101_20160721T0000_UTC.dat,18980
RS01SBPS-PC01A-05-ADCPTD102,2015,https://rawdata.oceanobservatories.org/files/RS01SBPS/PC01A/ADCPTD102/2015/07/ADCPTD102_10.33.3.143_2101_20150711T0000_UTC.dat,23338
RS01SBPS-PC01A-05-ADCPTD102,2014,none,-99999
RS01SBPD-DP01A-06-DOSTAD104,2023,https://rawdata.oceanobservatories.org/files/RS01SBPD/PD01A/eng_data/2023/09/12/sernums_hi-res_251_20230912T120054_UTC.txt,317
RS01SBPD-DP01A-06-DOSTAD104,2022,https://rawdata.oceanobservatories.org/files/RS01SBPD/PD01A/eng_data/2022/08/30/sernums_hi-res_264_20220830T000151_UTC.txt,137
RS01SBPD-DP01A-06-DOSTAD104,2021,https://rawdata.oceanobservatories.org/files/RS01SBPD/PD01A/eng_data/2021/08/24/sernums_hi-res_512_20210824T062003_UTC.txt,125
RS01SBPD-DP01A-06-DOSTAD104,2020,https://rawdata.oceanobservatories.org/files/RS01SBPD/PD01A/eng_data/2020/08/12/sernums_hi-res_204_20200812T225700_UTC.txt,458
RS01SBPD-DP01A-06-DOSTAD104,2019,none,-99999
RS01SBPD-DP01A-06-DOSTAD104,2018,none,-99999
RS01SBPD-DP01A-06-DOSTAD104,2016,none,-99999
RS01SBPD-DP01A-06-DOSTAD104,2015,none,-99999
RS01SBPD-DP01A-06-DOSTAD104,2014,none,-99999
RS01SBPD-DP01A-05-OPTAAC102,2016,none,-99999
RS01SBPD-DP01A-05-OPTAAC102,2015,none,-99999
RS01SBPD-DP01A-04-FLNTUA102,2023,https://rawdata.oceanobservatories.org/files/RS01SBPD/PD01A/eng_data/2023/09/12/sernums_hi-res_251_20230912T120054_UTC.txt,3397
RS01SBPD-DP01A-04-FLNTUA102,2022,https://rawdata.oceanobservatories.org/files/RS01SBPD/PD01A/eng_data/2022/08/30/sernums_hi-res_264_20220830T000151_UTC.txt,3468
RS01SBPD-DP01A-04-FLNTUA102,2021,https://rawdata.oceanobservatories.org/files/RS01SBPD/PD01A/eng_data/2021/08/24/sernums_hi-res_512_20210824T062003_UTC.txt,3637
RS01SBPD-DP01A-04-FLNTUA102,2020,https://rawdata.oceanobservatories.org/files/RS01SBPD/PD01A/eng_data/2020/08/12/sernums_hi-res_204_20200812T225700_UTC.txt,3099
RS01SBPD-DP01A-04-FLNTUA102,2019,none,-99999
RS01SBPD-DP01A-04-FLNTUA102,2018,none,-99999
RS01SBPD-DP01A-04-FLNTUA102,2016,none,-99999
RS01SBPD-DP01A-04-FLNTUA102,2015,none,-99999
RS01SBPD-DP01A-04-FLNTUA102,2014,none,-99999
RS01SBPD-DP01A-03-FLCDRA102,2023,https://rawdata.oceanobservatories.org/files/RS01SBPD/PD01A/eng_data/2023/09/12/sernums_hi-res_251_20230912T120054_UTC.txt,3717
RS01SBPD-DP01A-03-FLCDRA102,2022,https://rawdata.oceanobservatories.org/files/RS01SBPD/PD01A/eng_data/2022/08/30/sernums_hi-res_264_20220830T000151_UTC.txt,3460
RS01SBPD-DP01A-03-FLCDRA102,2021,https://rawdata.oceanobservatories.org/files/RS01SBPD/PD01A/eng_data/2021/08/24/sernums_hi-res_512_20210824T062003_UTC.txt,3715
RS01SBPD-DP01A-03-FLCDRA102,2020,https://rawdata.oceanobservatories.org/files/RS01SBPD/PD01A/eng_data/2020/08/12/sernums_hi-res_204_20200812T225700_UTC.txt,3098
RS01SBPD-DP01A-03-FLCDRA102,2019,none,-99999
RS01SBPD-DP01A-03-FLCDRA102,2018,none,-99999
RS01SBPD-DP01A-03-FLCDRA102,2016,none,-99999
RS01SBPD-DP01A-03-FLCDRA102,2015,none,-99999
RS01SBPD-DP01A-03-FLCDRA102,2014,none,-99999
RS01SBPD-DP01A-02-VEL3DA103,2023,https://rawdata.oceanobservatories.org/files/RS01SBPD/PD01A/eng_data/2023/09/12/sernums_hi-res_251_20230912T120054_UTC.txt,1215
RS01SBPD-DP01A-02-VEL3DA103,2022,none,-99999
RS01SBPD-DP01A-02-VEL3DA103,2021,https://rawdata.oceanobservatories.org/files/RS01SBPD/PD01A/eng_data/2021/08/24/sernums_hi-res_512_20210824T062003_UTC.txt,1216
RS01SBPD-DP01A-02-VEL3DA103,2020,https://rawdata.oceanobservatories.org/files/RS01SBPD/PD01A/eng_data/2020/08/12/sernums_hi-res_204_20200812T225700_UTC.txt,1214
RS01SBPD-DP01A-02-VEL3DA103,2019,none,-99999
RS01SBPD-DP01A-02-VEL3DA103,2018,none,-99999
RS01SBPD-DP01A-02-VEL3DA103,2016,none,-99999
RS01SBPD-DP01A-02-VEL3DA103,2015,none,-99999
RS01SBPD-DP01A-02-VEL3DA103,2014,none,-99999
RS01SBPD-DP01A-01-CTDPFL104,2023,https://rawdata.oceanobservatories.org/files/RS01SBPD/PD01A/eng_data/2023/09/12/sernums_hi-res_251_20230912T120054_UTC.txt,138
RS01SBPD-DP01A-01-CTDPFL104,2022,https://rawdata.oceanobservatories.org/files/RS01SBPD/PD01A/eng_data/2022/08/30/sernums_hi-res_264_20220830T000151_UTC.txt,144
RS01SBPD-DP01A-01-CTDPFL104,2021,https://rawdata.oceanobservatories.org/files/RS01SBPD/PD01A/eng_data/2021/08/24/sernums_hi-res_512_20210824T062003_UTC.txt,137
RS01SBPD-DP01A-01-CTDPFL104,2020,https://rawdata.oceanobservatories.org/files/RS01SBPD/PD01A/eng_data/2020/08/12/sernums_hi-res_204_20200812T225700_UTC.txt,120
RS01SBPD-DP01A-01-CTDPFL104,2019,none,-99999
RS01SBPD-DP01A-01-CTDPFL104,2018,none,-99999
RS01SBPD-DP01A-01-CTDPFL104,2016,none,-99999
RS01SBPD-DP01A-01-CTDPFL104,2015,none,-99999
RS01SBPD-DP01A-01-CTDPFL104,2014,none,-99999
RS01SBPD-DP01A-00-ENG000000,2023,https://rawdata.oceanobservatories.org/files/RS01SBPD/PD01A/eng_data/2023/09/12/sernums_hi-res_251_20230912T120054_UTC.txt,6
RS01SBPD-DP01A-00-ENG000000,2022,https://rawdata.oceanobservatories.org/files/RS01SBPD/PD01A/eng_data/2022/08/30/sernums_hi-res_264_20220830T000151_UTC.txt,3
RS01SBPD-DP01A-00-ENG000000,2021,https://rawdata.oceanobservatories.org/files/RS01SBPD/PD01A/eng_data/2021/08/24/sernums_hi-res_512_20210824T062003_UTC.txt,2
RS01SBPD-DP01A-00-ENG000000,2020,https://rawdata.oceanobservatories.org/files/RS01SBPD/PD01A/eng_data/2020/08/12/sernums_hi-res_204_20200812T225700_UTC.txt,3
RS01SBPD-DP01A-00-ENG000000,2019,none,-99999
RS01SBPD-DP01A-00-ENG000000,2018,none,-99999
RS01SBPD-DP01A-00-ENG000000,2016,none,-99999
RS01SBPD-DP01A-00-ENG000000,2015,none,-99999
RS01SBPD-DP01A-00-ENG000000,2014,none,-99999
CE04OSPS-SF01B-4A-NUTNRA102,2025,https://rawdata.oceanobservatories.org/files/CE04OSPS/SF01B/NUTNRA102/2025/08/NUTNRA102_10.33.10.206_2101_20250805T1511_UTC.dat,625
CE04OSPS-SF01B-4A-NUTNRA102,2024,https://rawdata.oceanobservatories.org/files/CE04OSPS/SF01B/NUTNRA102/2024/08/NUTNRA102_10.33.10.206_2101_20240809T1300_UTC.dat,617
CE04OSPS-SF01B-4A-NUTNRA102,2023,https://rawdata.oceanobservatories.org/files/CE04OSPS/SF01B/NUTNRA102/2023/08/NUTNRA102_10.33.10.206_2101_20230816T1912_UTC.dat,625
CE04OSPS-SF01B-4A-NUTNRA102,2022,https://rawdata.oceanobservatories.org/files/CE04OSPS/SF01B/NUTNRA102/2022/09/NUTNRA102_10.33.10.206_2101_20220906T2143_UTC.dat,617
CE04OSPS-SF01B-4A-NUTNRA102,2022,https://rawdata.oceanobservatories.org/files/CE04OSPS/SF01B/NUTNRA102/2022/08/NUTNRA102_10.33.10.206_2101_20220811T2218_UTC.dat,344
CE04OSPS-SF01B-4A-NUTNRA102,2021,https://rawdata.oceanobservatories.org/files/CE04OSPS/SF01B/NUTNRA102/2021/08/NUTNRA102_10.33.10.206_2101_20210824T2346_UTC.dat,625
CE04OSPS-SF01B-4A-NUTNRA102,2020,https://rawdata.oceanobservatories.org/files/CE04OSPS/SF01B/NUTNRA102/2020/08/NUTNRA102_10.33.10.206_2101_20200802T2052_UTC.dat,344
CE04OSPS-SF01B-4A-NUTNRA102,2019,https://rawdata.oceanobservatories.org/files/CE04OSPS/SF01B/NUTNRA102/2019/06/NUTNRA102_10.33.10.206_2101_20190614T1812_UTC.dat,625
CE04OSPS-SF01B-4A-NUTNRA102,2018,https://rawdata.oceanobservatories.org/files/CE04OSPS/SF01B/NUTNRA102/2018/07/NUTNRA102_10.33.10.206_2101_20180717T1530_UTC.dat,344
CE04OSPS-SF01B-4A-NUTNRA102,2017,https://rawdata.oceanobservatories.org/files/CE04OSPS/SF01B/NUTNRA102/2017/07/NUTNRA102_10.33.10.206_2101_20170729T0517_UTC.dat,625
CE04OSPS-SF01B-4A-NUTNRA102,2016,https://rawdata.oceanobservatories.org/files/CE04OSPS/SF01B/NUTNRA102/2016/07/NUTNRA102_10.33.10.206_2101_20160719T0106_UTC.dat,344
CE04OSPS-SF01B-4A-NUTNRA102,2015,https://rawdata.oceanobservatories.org/files/CE04OSPS/SF01B/NUTNRA102/2015/08/NUTNRA102_10.33.10.206_2101_20150803T1448_UTC.dat,625
CE04OSPS-SF01B-4A-NUTNRA102,2014,none,-99999
CE04OSPS-SF01B-3D-SPKIRA102,2025,https://rawdata.oceanobservatories.org/files/CE04OSPS/SF01B/SPKIRA102/2025/08/SPKIRA102_10.33.10.204_2101_20250808T0000_UTC.dat,251
CE04OSPS-SF01B-3D-SPKIRA102,2024,https://rawdata.oceanobservatories.org/files/CE04OSPS/SF01B/SPKIRA102/2024/08/SPKIRA102_10.33.10.204_2101_20240813T0000_UTC.dat,292
CE04OSPS-SF01B-3D-SPKIRA102,2023,https://rawdata.oceanobservatories.org/files/CE04OSPS/SF01B/SPKIRA102/2023/08/SPKIRA102_10.33.10.204_2101_20230819T0000_UTC.dat,251
CE04OSPS-SF01B-3D-SPKIRA102,2022,https://rawdata.oceanobservatories.org/files/CE04OSPS/SF01B/SPKIRA102/2022/09/SPKIRA102_10.33.10.204_2101_20220909T0000_UTC.dat,292
CE04OSPS-SF01B-3D-SPKIRA102,2022,https://rawdata.oceanobservatories.org/files/CE04OSPS/SF01B/SPKIRA102/2022/08/SPKIRA102_10.33.10.204_2101_20220814T0000_UTC.dat,267
CE04OSPS-SF01B-3D-SPKIRA102,2021,https://rawdata.oceanobservatories.org/files/CE04OSPS/SF01B/SPKIRA102/2021/08/SPKIRA102_10.33.10.204_2101_20210827T0000_UTC.dat,293
CE04OSPS-SF01B-3D-SPKIRA102,2020,https://rawdata.oceanobservatories.org/files/CE04OSPS/SF01B/SPKIRA102/2020/08/SPKIRA102_10.33.10.204_2101_20200805T0000_UTC.dat,267
CE04OSPS-SF01B-3D-SPKIRA102,2019,https://rawdata.oceanobservatories.org/files/CE04OSPS/SF01B/SPKIRA102/2019/06/SPKIRA102_10.33.10.204_2101_20190617T0000_UTC.dat,251
CE04OSPS-SF01B-3D-SPKIRA102,2018,https://rawdata.oceanobservatories.org/files/CE04OSPS/SF01B/SPKIRA102/2018/07/SPKIRA102_10.33.10.204_2101_20180720T0000_UTC.dat,245
CE04OSPS-SF01B-3D-SPKIRA102,2017,https://rawdata.oceanobservatories.org/files/CE04OSPS/SF01B/SPKIRA102/2017/08/SPKIRA102_10.33.10.204_2101_20170801T0000_UTC.dat,251
CE04OSPS-SF01B-3D-SPKIRA102,2016,https://rawdata.oceanobservatories.org/files/CE04OSPS/SF01B/SPKIRA102/2016/07/SPKIRA102_10.33.10.204_2101_20160719T0106_UTC.dat,267
CE04OSPS-SF01B-3D-SPKIRA102,2015,https://rawdata.oceanobservatories.org/files/CE04OSPS/SF01B/SPKIRA102/2015/08/SPKIRA102_10.33.10.204_2101_20150803T1444_UTC.dat,251
CE04OSPS-SF01B-3D-SPKIRA102,2014,https://rawdata.oceanobservatories.org/files/CE04OSPS/SF01B/SPKIRA102/2014/11/SPKIRA102_10.33.10.204_2101_20141105T1954_UTC.dat,241
CE04OSPS-SF01B-3C-PARADA102,2025,none,-99999
CE04OSPS-SF01B-3C-PARADA102,2024,none,-99999
CE04OSPS-SF01B-3C-PARADA102,2023,none,-99999
CE04OSPS-SF01B-3C-PARADA102,2022,none,-99999
CE04OSPS-SF01B-3C-PARADA102,2022,none,-99999
CE04OSPS-SF01B-3C-PARADA102,2021,none,-99999
CE04OSPS-SF01B-3C-PARADA102,2020,https://rawdata.oceanobservatories.org/files/CE04OSPS/SF01B/PARADA102/2020/08/PARADA102_10.33.10.203_2101_20200805T0000_UTC.dat,404
CE04OSPS-SF01B-3C-PARADA102,2019,https://rawdata.oceanobservatories.org/files/CE04OSPS/SF01B/PARADA102/2019/06/PARADA102_10.33.10.203_2101_20190617T0000_UTC.dat,507
CE04OSPS-SF01B-3C-PARADA102,2018,https://rawdata.oceanobservatories.org/files/CE04OSPS/SF01B/PARADA102/2018/07/PARADA102_10.33.10.203_2101_20180720T0000_UTC.dat,566
CE04OSPS-SF01B-3C-PARADA102,2017,https://rawdata.oceanobservatories.org/files/CE04OSPS/SF01B/PARADA102/2017/08/PARADA102_10.33.10.203_2101_20170801T0000_UTC.dat,507
CE04OSPS-SF01B-3C-PARADA102,2016,https://rawdata.oceanobservatories.org/files/CE04OSPS/SF01B/PARADA102/2016/07/PARADA102_10.33.10.203_2101_20160722T0000_UTC.dat,434
CE04OSPS-SF01B-3C-PARADA102,2015,https://rawdata.oceanobservatories.org/files/CE04OSPS/SF01B/PARADA102/2015/08/PARADA102_10.33.10.203_2101_20150825T2013_UTC.dat,507
CE04OSPS-SF01B-3C-PARADA102,2014,none,-99999
CE04OSPS-SF01B-3B-OPTAAD105,2025,https://rawdata.oceanobservatories.org/files/CE04OSPS/SF01B/OPTAAD105/2025/08/OPTAAD105_10.33.10.202_2101_20250808T0721_UTC.dat,166
CE04OSPS-SF01B-3B-OPTAAD105,2024,https://rawdata.oceanobservatories.org/files/CE04OSPS/SF01B/OPTAAD105/2024/08/OPTAAD105_10.33.10.202_2101_20240824T0721_UTC.dat,169
CE04OSPS-SF01B-3B-OPTAAD105,2023,https://rawdata.oceanobservatories.org/files/CE04OSPS/SF01B/OPTAAD105/2023/08/OPTAAD105_10.33.10.202_2101_20230831T0721_UTC.dat,166
CE04OSPS-SF01B-3B-OPTAAD105,2022,https://rawdata.oceanobservatories.org/files/CE04OSPS/SF01B/OPTAAD105/2022/09/OPTAAD105_10.33.10.202_2101_20220909T0721_UTC.dat,186
CE04OSPS-SF01B-3B-OPTAAD105,2022,https://rawdata.oceanobservatories.org/files/CE04OSPS/SF01B/OPTAAD105/2022/08/OPTAAD105_10.33.10.202_2101_20220814T0721_UTC.dat,128
CE04OSPS-SF01B-3B-OPTAAD105,2021,https://rawdata.oceanobservatories.org/files/CE04OSPS/SF01B/OPTAAD105/2021/08/OPTAAD105_10.33.10.202_2101_20210829T1849_UTC.dat,221
CE04OSPS-SF01B-3B-OPTAAD105,2020,none,-99999
CE04OSPS-SF01B-3B-OPTAAD105,2019,https://rawdata.oceanobservatories.org/files/CE04OSPS/SF01B/OPTAAD105/2019/06/OPTAAD105_10.33.10.202_2101_20190628T0720_UTC.dat,221
CE04OSPS-SF01B-3B-OPTAAD105,2018,https://rawdata.oceanobservatories.org/files/CE04OSPS/SF01B/OPTAAD105/2018/07/OPTAAD105_10.33.10.202_2101_20180720T0721_UTC.dat,128
CE04OSPS-SF01B-3B-OPTAAD105,2017,https://rawdata.oceanobservatories.org/files/CE04OSPS/SF01B/OPTAAD105/2017/08/OPTAAD105_10.33.10.202_2101_20170807T0000_UTC.dat,221
CE04OSPS-SF01B-3B-OPTAAD105,2016,https://rawdata.oceanobservatories.org/files/CE04OSPS/SF01B/OPTAAD105/2016/07/OPTAAD105_10.33.10.202_2101_20160722T0000_UTC.dat,250
CE04OSPS-SF01B-3B-OPTAAD105,2015,https://rawdata.oceanobservatories.org/files/CE04OSPS/SF01B/OPTAAD105/2015/08/OPTAAD105_10.33.10.202_2101_20150806T0000_UTC.dat,223
CE04OSPS-SF01B-3B-OPTAAD105,2014,none,-99999
CE04OSPS-SF01B-3A-FLORTD104,2025,https://rawdata.oceanobservatories.org/files/CE04OSPS/SF01B/FLORTD104/2025/08/FLORTD104_10.33.10.201_2101_20250805T1511_UTC.dat,1293
CE04OSPS-SF01B-3A-FLORTD104,2024,https://rawdata.oceanobservatories.org/files/CE04OSPS/SF01B/FLORTD104/2024/08/FLORTD104_10.33.10.201_2101_20240810T0156_UTC.dat,1028
CE04OSPS-SF01B-3A-FLORTD104,2023,https://rawdata.oceanobservatories.org/files/CE04OSPS/SF01B/FLORTD104/2023/08/FLORTD104_10.33.10.201_2101_20230816T1912_UTC.dat,1289
CE04OSPS-SF01B-3A-FLORTD104,2022,https://rawdata.oceanobservatories.org/files/CE04OSPS/SF01B/FLORTD104/2022/09/FLORTD104_10.33.10.201_2101_20220906T2143_UTC.dat,1292
CE04OSPS-SF01B-3A-FLORTD104,2022,https://rawdata.oceanobservatories.org/files/CE04OSPS/SF01B/FLORTD104/2022/08/FLORTD104_10.33.10.201_2101_20220811T2217_UTC.dat,1150
CE04OSPS-SF01B-3A-FLORTD104,2021,https://rawdata.oceanobservatories.org/files/CE04OSPS/SF01B/FLORTD104/2021/08/FLORTD104_10.33.10.201_2101_20210824T2346_UTC.dat,1289
CE04OSPS-SF01B-3A-FLORTD104,2020,https://rawdata.oceanobservatories.org/files/CE04OSPS/SF01B/FLORTD104/2020/08/FLORTD104_10.33.10.201_2101_20200802T2052_UTC.dat,1150
CE04OSPS-SF01B-3A-FLORTD104,2019,https://rawdata.oceanobservatories.org/files/CE04OSPS/SF01B/FLORTD104/2019/06/FLORTD104_10.33.10.201_2101_20190614T1812_UTC.dat,1289
CE04OSPS-SF01B-3A-FLORTD104,2018,https://rawdata.oceanobservatories.org/files/CE04OSPS/SF01B/FLORTD104/2018/07/FLORTD104_10.33.10.201_2101_20180717T1530_UTC.dat,1194
CE04OSPS-SF01B-3A-FLORTD104,2017,https://rawdata.oceanobservatories.org/files/CE04OSPS/SF01B/FLORTD104/2017/07/FLORTD104_10.33.10.201_2101_20170729T0517_UTC.dat,1289
CE04OSPS-SF01B-3A-FLORTD104,2016,https://rawdata.oceanobservatories.org/files/CE04OSPS/SF01B/FLORTD104/2016/07/FLORTD104_10.33.10.201_2101_20160719T0105_UTC.dat,1150
CE04OSPS-SF01B-3A-FLORTD104,2015,https://rawdata.oceanobservatories.org/files/CE04OSPS/SF01B/FLORTD104/2015/08/FLORTD104_10.33.10.201_2101_20150803T1439_UTC.dat,1289
CE04OSPS-SF01B-3A-FLORTD104,2014,none,-99999
CE04OSPS-SF01B-2A-CTDPFA107,2025,https://rawdata.oceanobservatories.org/files/CE04OSPS/SF01B/CTDPFA107/2025/08/CTDPFA107_10.33.10.195_2101_20250805T1511_UTC.dat,0019
CE04OSPS-SF01B-2A-CTDPFA107,2024,https://rawdata.oceanobservatories.org/files/CE04OSPS/SF01B/CTDPFA107/2024/08/CTDPFA107_10.33.10.195_2101_20240810T0156_UTC.dat,0112
CE04OSPS-SF01B-2A-CTDPFA107,2023,https://rawdata.oceanobservatories.org/files/CE04OSPS/SF01B/CTDPFA107/2023/08/CTDPFA107_10.33.10.195_2101_20230816T1912_UTC.dat,0019
CE04OSPS-SF01B-2A-CTDPFA107,2022,https://rawdata.oceanobservatories.org/files/CE04OSPS/SF01B/CTDPFA107/2022/09/CTDPFA107_10.33.10.195_2101_20220906T2142_UTC.dat,0030
CE04OSPS-SF01B-2A-CTDPFA107,2022,https://rawdata.oceanobservatories.org/files/CE04OSPS/SF01B/CTDPFA107/2022/08/CTDPFA107_10.33.10.195_2101_20220811T2217_UTC.dat,0019
CE04OSPS-SF01B-2A-CTDPFA107,2021,https://rawdata.oceanobservatories.org/files/CE04OSPS/SF01B/CTDPFA107/2021/08/CTDPFA107_10.33.10.195_2101_20210824T2346_UTC.dat,0112
CE04OSPS-SF01B-2A-CTDPFA107,2020,https://rawdata.oceanobservatories.org/files/CE04OSPS/SF01B/CTDPFA107/2020/08/CTDPFA107_10.33.10.195_2101_20200802T2052_UTC.dat,0019
CE04OSPS-SF01B-2A-CTDPFA107,2019,https://rawdata.oceanobservatories.org/files/CE04OSPS/SF01B/CTDPFA107/2019/06/CTDPFA107_10.33.10.195_2101_20190614T1812_UTC.dat,0112
CE04OSPS-SF01B-2A-CTDPFA107,2018,https://rawdata.oceanobservatories.org/files/CE04OSPS/SF01B/CTDPFA107/2018/07/CTDPFA107_10.33.10.195_2101_20180717T1530_UTC.dat,0019
CE04OSPS-SF01B-2A-CTDPFA107,2017,https://rawdata.oceanobservatories.org/files/CE04OSPS/SF01B/CTDPFA107/2017/07/CTDPFA107_10.33.10.195_2101_20170729T0517_UTC.dat,0112
CE04OSPS-SF01B-2A-CTDPFA107,2016,https://rawdata.oceanobservatories.org/files/CE04OSPS/SF01B/CTDPFA107/2016/07/CTDPFA107_10.33.10.195_2101_20160719T0105_UTC.dat,0019
CE04OSPS-SF01B-2A-CTDPFA107,2015,https://rawdata.oceanobservatories.org/files/CE04OSPS/SF01B/CTDPFA107/2015/08/CTDPFA107_10.33.10.195_2101_20150803T1439_UTC.dat,0112
CE04OSPS-SF01B-2A-CTDPFA107,2014,https://rawdata.oceanobservatories.org/files/CE04OSPS/SF01B/CTDPFA107/2014/09/CTDPFA107_10.33.10.195_2101_20140907T1909_UTC.dat,0019
CE04OSPS-PC01B-4A-CTDPFA109,2025,https://rawdata.oceanobservatories.org/files/CE04OSPS/PC01B/CTDPFA109/2025/08/CTDPFA109_10.33.10.135_2101_20250805T1630_UTC.dat,0113
CE04OSPS-PC01B-4A-CTDPFA109,2024,https://rawdata.oceanobservatories.org/files/CE04OSPS/PC01B/CTDPFA109/2024/08/CTDPFA109_10.33.10.135_2101_20240809T1245_UTC.dat,0018
CE04OSPS-PC01B-4A-CTDPFA109,2023,https://rawdata.oceanobservatories.org/files/CE04OSPS/PC01B/CTDPFA109/2023/08/CTDPFA109_10.33.10.135_2101_20230816T1916_UTC.dat,0113
CE04OSPS-PC01B-4A-CTDPFA109,2022,https://rawdata.oceanobservatories.org/files/CE04OSPS/PC01B/CTDPFA109/2022/08/CTDPFA109_10.33.10.135_2101_20220811T2207_UTC.dat,0018
CE04OSPS-PC01B-4A-CTDPFA109,2021,https://rawdata.oceanobservatories.org/files/CE04OSPS/PC01B/CTDPFA109/2021/08/CTDPFA109_10.33.10.135_2101_20210824T2239_UTC.dat,0113
CE04OSPS-PC01B-4A-CTDPFA109,2020,https://rawdata.oceanobservatories.org/files/CE04OSPS/PC01B/CTDPFA109/2020/08/CTDPFA109_10.33.10.135_2101_20200802T2032_UTC.dat,0018
CE04OSPS-PC01B-4A-CTDPFA109,2019,https://rawdata.oceanobservatories.org/files/CE04OSPS/PC01B/CTDPFA109/2019/06/CTDPFA109_10.33.10.135_2101_20190614T1642_UTC.dat,0113
CE04OSPS-PC01B-4A-CTDPFA109,2018,https://rawdata.oceanobservatories.org/files/CE04OSPS/PC01B/CTDPFA109/2018/07/CTDPFA109_10.33.10.135_2101_20180717T1459_UTC.dat,0018
CE04OSPS-PC01B-4A-CTDPFA109,2017,https://rawdata.oceanobservatories.org/files/CE04OSPS/PC01B/CTDPFA109/2017/07/CTDPFA109_10.33.10.135_2101_20170729T0441_UTC.dat,0113
CE04OSPS-PC01B-4A-CTDPFA109,2016,https://rawdata.oceanobservatories.org/files/CE04OSPS/PC01B/CTDPFA109/2016/07/CTDPFA109_10.33.10.135_2101_20160719T0047_UTC.dat,0018
CE04OSPS-PC01B-4A-CTDPFA109,2015,https://rawdata.oceanobservatories.org/files/CE04OSPS/PC01B/CTDPFA109/2015/08/CTDPFA109_10.33.10.135_2101_20150803T1410_UTC.dat,0113
CE04OSPS-PC01B-4A-CTDPFA109,2014,https://rawdata.oceanobservatories.org/files/CE04OSPS/PC01B/CTDPFA109/2014/10/CTDPFA109_10.33.10.135_2101_20141008T1943_UTC.dat,0018
CE04OSPD-DP01B-06-DOSTAD105,2024,https://rawdata.oceanobservatories.org/files/CE04OSPD/PD01B/eng_data/2024/08/28/sernums_hi-res_5_20240828T062839_UTC.txt,458
CE04OSPD-DP01B-06-DOSTAD105,2023,https://rawdata.oceanobservatories.org/files/CE04OSPD/PD01B/eng_data/2023/09/15/sernums_hi-res_214_20230915T112238_UTC.txt,125
CE04OSPD-DP01B-06-DOSTAD105,2022,https://rawdata.oceanobservatories.org/files/CE04OSPD/PD01B/eng_data/2022/08/26/sernums_hi-res_314_20220826T171217_UTC.txt,459
CE04OSPD-DP01B-06-DOSTAD105,2021,https://rawdata.oceanobservatories.org/files/CE04OSPD/PD01B/eng_data/2021/08/26/sernums_hi-res_408_20210826T042833_UTC.txt,487
CE04OSPD-DP01B-06-DOSTAD105,2020,https://rawdata.oceanobservatories.org/files/CE04OSPD/PD01B/eng_data/2020/08/12/sernums_hi-res_204_20200812T040053_UTC.txt,137
CE04OSPD-DP01B-06-DOSTAD105,2019,none,-99999
CE04OSPD-DP01B-06-DOSTAD105,2019,none,-99999
CE04OSPD-DP01B-06-DOSTAD105,2018,none,-99999
CE04OSPD-DP01B-06-DOSTAD105,2017,none,-99999
CE04OSPD-DP01B-06-DOSTAD105,2017,none,-99999
CE04OSPD-DP01B-06-DOSTAD105,2016,none,-99999
CE04OSPD-DP01B-06-DOSTAD105,2015,none,-99999
CE04OSPD-DP01B-06-DOSTAD105,2014,none,-99999
CE04OSPD-DP01B-04-FLNTUA103,2024,https://rawdata.oceanobservatories.org/files/CE04OSPD/PD01B/eng_data/2024/08/28/sernums_hi-res_5_20240828T062839_UTC.txt,3398
CE04OSPD-DP01B-04-FLNTUA103,2023,https://rawdata.oceanobservatories.org/files/CE04OSPD/PD01B/eng_data/2023/09/15/sernums_hi-res_214_20230915T112238_UTC.txt,3762
CE04OSPD-DP01B-04-FLNTUA103,2022,https://rawdata.oceanobservatories.org/files/CE04OSPD/PD01B/eng_data/2022/08/26/sernums_hi-res_314_20220826T171217_UTC.txt,3398
CE04OSPD-DP01B-04-FLNTUA103,2021,https://rawdata.oceanobservatories.org/files/CE04OSPD/PD01B/eng_data/2021/08/26/sernums_hi-res_408_20210826T042833_UTC.txt,3397
CE04OSPD-DP01B-04-FLNTUA103,2020,https://rawdata.oceanobservatories.org/files/CE04OSPD/PD01B/eng_data/2020/08/12/sernums_hi-res_204_20200812T040053_UTC.txt,3398
CE04OSPD-DP01B-04-FLNTUA103,2019,none,-99999
CE04OSPD-DP01B-04-FLNTUA103,2019,none,-99999
CE04OSPD-DP01B-04-FLNTUA103,2018,none,-99999
CE04OSPD-DP01B-04-FLNTUA103,2017,none,-99999
CE04OSPD-DP01B-04-FLNTUA103,2017,none,-99999
CE04OSPD-DP01B-04-FLNTUA103,2016,none,-99999
CE04OSPD-DP01B-04-FLNTUA103,2015,none,-99999
CE04OSPD-DP01B-04-FLNTUA103,2014,none,-99999
CE04OSPD-DP01B-03-FLCDRA103,2024,https://rawdata.oceanobservatories.org/files/CE04OSPD/PD01B/eng_data/2024/08/28/sernums_hi-res_5_20240828T062839_UTC.txt,3400
CE04OSPD-DP01B-03-FLCDRA103,2023,https://rawdata.oceanobservatories.org/files/CE04OSPD/PD01B/eng_data/2023/09/15/sernums_hi-res_214_20230915T112238_UTC.txt,3399
CE04OSPD-DP01B-03-FLCDRA103,2022,https://rawdata.oceanobservatories.org/files/CE04OSPD/PD01B/eng_data/2022/08/26/sernums_hi-res_314_20220826T171217_UTC.txt,3400
CE04OSPD-DP01B-03-FLCDRA103,2021,https://rawdata.oceanobservatories.org/files/CE04OSPD/PD01B/eng_data/2021/08/26/sernums_hi-res_408_20210826T042833_UTC.txt,3716
CE04OSPD-DP01B-03-FLCDRA103,2020,https://rawdata.oceanobservatories.org/files/CE04OSPD/PD01B/eng_data/2020/08/12/sernums_hi-res_204_20200812T040053_UTC.txt,3400
CE04OSPD-DP01B-03-FLCDRA103,2019,none,-99999
CE04OSPD-DP01B-03-FLCDRA103,2019,none,-99999
CE04OSPD-DP01B-03-FLCDRA103,2018,none,-99999
CE04OSPD-DP01B-03-FLCDRA103,2017,none,-99999
CE04OSPD-DP01B-03-FLCDRA103,2017,none,-99999
CE04OSPD-DP01B-03-FLCDRA103,2016,none,-99999
CE04OSPD-DP01B-03-FLCDRA103,2015,none,-99999
CE04OSPD-DP01B-03-FLCDRA103,2014,none,-99999
CE04OSPD-DP01B-02-VEL3DA105,2024,https://rawdata.oceanobservatories.org/files/CE04OSPD/PD01B/eng_data/2024/08/28/sernums_hi-res_5_20240828T062839_UTC.txt,1148
CE04OSPD-DP01B-02-VEL3DA105,2023,none,-99999
CE04OSPD-DP01B-02-VEL3DA105,2022,https://rawdata.oceanobservatories.org/files/CE04OSPD/PD01B/eng_data/2022/08/26/sernums_hi-res_314_20220826T171217_UTC.txt,1148
CE04OSPD-DP01B-02-VEL3DA105,2021,https://rawdata.oceanobservatories.org/files/CE04OSPD/PD01B/eng_data/2021/08/26/sernums_hi-res_408_20210826T042833_UTC.txt,1130
CE04OSPD-DP01B-02-VEL3DA105,2020,https://rawdata.oceanobservatories.org/files/CE04OSPD/PD01B/eng_data/2020/08/12/sernums_hi-res_204_20200812T040053_UTC.txt,1131
CE04OSPD-DP01B-02-VEL3DA105,2019,none,-99999
CE04OSPD-DP01B-02-VEL3DA105,2019,none,-99999
CE04OSPD-DP01B-02-VEL3DA105,2018,none,-99999
CE04OSPD-DP01B-02-VEL3DA105,2017,none,-99999
CE04OSPD-DP01B-02-VEL3DA105,2017,none,-99999
CE04OSPD-DP01B-02-VEL3DA105,2016,none,-99999
CE04OSPD-DP01B-02-VEL3DA105,2015,none,-99999
CE04OSPD-DP01B-02-VEL3DA105,2014,none,-99999
CE04OSPD-DP01B-01-CTDPFL105,2024,https://rawdata.oceanobservatories.org/files/CE04OSPD/PD01B/eng_data/2024/08/28/sernums_hi-res_5_20240828T062839_UTC.txt,0145
CE04OSPD-DP01B-01-CTDPFL105,2023,https://rawdata.oceanobservatories.org/files/CE04OSPD/PD01B/eng_data/2023/09/15/sernums_hi-res_214_20230915T112238_UTC.txt,0146
CE04OSPD-DP01B-01-CTDPFL105,2022,https://rawdata.oceanobservatories.org/files/CE04OSPD/PD01B/eng_data/2022/08/26/sernums_hi-res_314_20220826T171217_UTC.txt,0139
CE04OSPD-DP01B-01-CTDPFL105,2021,https://rawdata.oceanobservatories.org/files/CE04OSPD/PD01B/eng_data/2021/08/26/sernums_hi-res_408_20210826T042833_UTC.txt,0146
CE04OSPD-DP01B-01-CTDPFL105,2020,https://rawdata.oceanobservatories.org/files/CE04OSPD/PD01B/eng_data/2020/08/12/sernums_hi-res_204_20200812T040053_UTC.txt,0145
CE04OSPD-DP01B-01-CTDPFL105,2019,none,-99999
CE04OSPD-DP01B-01-CTDPFL105,2019,none,-99999
CE04OSPD-DP01B-01-CTDPFL105,2018,none,-99999
CE04OSPD-DP01B-01-CTDPFL105,2017,none,-99999
CE04OSPD-DP01B-01-CTDPFL105,2017,none,-99999
CE04OSPD-DP01B-01-CTDPFL105,2016,none,-99999
CE04OSPD-DP01B-01-CTDPFL105,2015,none,-99999
CE04OSPD-DP01B-01-CTDPFL105,2014,none,-99999
CE04OSPD-DP01B-00-ENG000000,2024,https://rawdata.oceanobservatories.org/files/CE04OSPD/PD01B/eng_data/2024/08/28/sernums_hi-res_5_20240828T062839_UTC.txt,4
CE04OSPD-DP01B-00-ENG000000,2023,https://rawdata.oceanobservatories.org/files/CE04OSPD/PD01B/eng_data/2023/09/15/sernums_hi-res_214_20230915T112238_UTC.txt,5
CE04OSPD-DP01B-00-ENG000000,2022,https://rawdata.oceanobservatories.org/files/CE04OSPD/PD01B/eng_data/2022/08/26/sernums_hi-res_314_20220826T171217_UTC.txt,4
CE04OSPD-DP01B-00-ENG000000,2021,https://rawdata.oceanobservatories.org/files/CE04OSPD/PD01B/eng_data/2021/08/26/sernums_hi-res_408_20210826T042833_UTC.txt,5
CE04OSPD-DP01B-00-ENG000000,2020,https://rawdata.oceanobservatories.org/files/CE04OSPD/PD01B/eng_data/2020/08/12/sernums_hi-res_204_20200812T040053_UTC.txt,7
CE04OSPD-DP01B-00-ENG000000,2019,none,-99999
CE04OSPD-DP01B-00-ENG000000,2019,none,-99999
CE04OSPD-DP01B-00-ENG000000,2018,none,-99999
CE04OSPD-DP01B-00-ENG000000,2017,none,-99999
CE04OSPD-DP01B-00-ENG000000,2017,none,-99999
CE04OSPD-DP01B-00-ENG000000,2016,none,-99999
CE04OSPD-DP01B-00-ENG000000,2015,none,-99999
CE04OSPD-DP01B-00-ENG000000,2014,none,-99999
CE04OSBP-LJ01C-08-OPTAAC104,2025,https://rawdata.oceanobservatories.org/files/CE04OSBP/LJ01C/OPTAAC104/2025/08/OPTAAC104_10.33.12.8_2101_20250831T0000_UTC.dat,243
CE04OSBP-LJ01C-08-OPTAAC104,2024,https://rawdata.oceanobservatories.org/files/CE04OSBP/LJ01C/OPTAAC104/2024/08/OPTAAC104_10.33.12.8_2101_20240825T0000_UTC.dat,191
CE04OSBP-LJ01C-08-OPTAAC104,2023,https://rawdata.oceanobservatories.org/files/CE04OSBP/LJ01C/OPTAAC104/2023/09/OPTAAC104_10.33.12.8_2101_20230901T0000_UTC.dat,140
CE04OSBP-LJ01C-08-OPTAAC104,2022,https://rawdata.oceanobservatories.org/files/CE04OSBP/LJ01C/OPTAAC104/2022/08/OPTAAC104_10.33.12.8_2101_20220823T0000_UTC.dat,191
CE04OSBP-LJ01C-08-OPTAAC104,2021,https://rawdata.oceanobservatories.org/files/CE04OSBP/LJ01C/OPTAAC104/2021/08/OPTAAC104_10.33.12.8_2101_20210830T0000_UTC.dat,140
CE04OSBP-LJ01C-08-OPTAAC104,2020,none,-99999
CE04OSBP-LJ01C-08-OPTAAC104,2019,https://rawdata.oceanobservatories.org/files/CE04OSBP/LJ01C/OPTAAC104/2019/06/OPTAAC104_10.33.12.8_2101_20190626T0000_UTC.dat,140
CE04OSBP-LJ01C-08-OPTAAC104,2018,https://rawdata.oceanobservatories.org/files/CE04OSBP/LJ01C/OPTAAC104/2018/06/OPTAAC104_10.33.12.8_2101_20180627T0000_UTC.dat,157
CE04OSBP-LJ01C-08-OPTAAC104,2017,https://rawdata.oceanobservatories.org/files/CE04OSBP/LJ01C/OPTAAC104/2017/10/OPTAAC104_10.33.12.8_2101_20171007T0000_UTC.dat,141
CE04OSBP-LJ01C-08-OPTAAC104,2016,https://rawdata.oceanobservatories.org/files/CE04OSBP/LJ01C/OPTAAC104/2016/07/OPTAAC104_10.33.12.8_2101_20160725T2100_UTC.dat,140
CE04OSBP-LJ01C-08-OPTAAC104,2015,https://rawdata.oceanobservatories.org/files/CE04OSBP/LJ01C/OPTAAC104/2015/08/OPTAAC104_10.33.12.8_2101_20150804T0200_UTC.dat,191
CE04OSBP-LJ01C-08-OPTAAC104,2014,https://rawdata.oceanobservatories.org/files/CE04OSBP/LJ01C/OPTAAC104/2014/08/OPTAAC104_10.33.12.8_2101_20140825T2200_UTC.dat,140
CE04OSBP-LJ01C-06-CTDBPO108,2025,https://rawdata.oceanobservatories.org/files/CE04OSBP/LJ01C/CTDBPO108/2025/08/CTDBPO108_10.33.12.6_2101_20250828T0340_UTC.dat,0117
CE04OSBP-LJ01C-06-CTDBPO108,2024,https://rawdata.oceanobservatories.org/files/CE04OSBP/LJ01C/CTDBPO108/2024/08/CTDBPO108_10.33.12.6_2101_20240822T1509_UTC.dat,7231
CE04OSBP-LJ01C-06-CTDBPO108,2023,https://rawdata.oceanobservatories.org/files/CE04OSBP/LJ01C/CTDBPO108/2023/08/CTDBPO108_10.33.12.6_2101_20230829T0055_UTC.dat,7249
CE04OSBP-LJ01C-06-CTDBPO108,2022,https://rawdata.oceanobservatories.org/files/CE04OSBP/LJ01C/CTDBPO108/2022/08/CTDBPO108_10.33.12.6_2101_20220820T0215_UTC.dat,7231
CE04OSBP-LJ01C-06-CTDBPO108,2021,https://rawdata.oceanobservatories.org/files/CE04OSBP/LJ01C/CTDBPO108/2021/08/CTDBPO108_10.33.12.6_2101_20210824T2029_UTC.dat,7249
CE04OSBP-LJ01C-06-CTDBPO108,2020,none,-99999
CE04OSBP-LJ01C-06-CTDBPO108,2019,https://rawdata.oceanobservatories.org/files/CE04OSBP/LJ01C/CTDBPO108/2019/06/CTDBPO108_10.33.12.6_2101_20190623T2252_UTC.dat,7249
CE04OSBP-LJ01C-06-CTDBPO108,2018,https://rawdata.oceanobservatories.org/files/CE04OSBP/LJ01C/CTDBPO108/2018/06/CTDBPO108_10.33.12.6_2101_20180625T1628_UTC.dat,7231
CE04OSBP-LJ01C-06-CTDBPO108,2017,https://rawdata.oceanobservatories.org/files/CE04OSBP/LJ01C/CTDBPO108/2017/08/CTDBPO108_10.33.12.6_2101_20170810T0000_UTC.dat,7249
CE04OSBP-LJ01C-06-CTDBPO108,2016,https://rawdata.oceanobservatories.org/files/CE04OSBP/LJ01C/CTDBPO108/2016/07/CTDBPO108_10.33.12.6_2101_20160725T1949_UTC.dat,7231
CE04OSBP-LJ01C-06-CTDBPO108,2015,https://rawdata.oceanobservatories.org/files/CE04OSBP/LJ01C/CTDBPO108/2015/08/CTDBPO108_10.33.12.6_2101_20150803T2308_UTC.dat,7249
CE04OSBP-LJ01C-06-CTDBPO108,2014,none,-99999
CE04OSBP-LJ01C-05-ADCPSI103,2025,https://rawdata.oceanobservatories.org/files/CE04OSBP/LJ01C/ADCPSI103/2025/08/ADCPSI103_10.33.12.5_2101_20250831T0000_UTC.dat,18153
CE04OSBP-LJ01C-05-ADCPSI103,2024,https://rawdata.oceanobservatories.org/files/CE04OSBP/LJ01C/ADCPSI103/2024/08/ADCPSI103_10.33.12.5_2101_20240825T0000_UTC.dat,21498
CE04OSBP-LJ01C-05-ADCPSI103,2023,https://rawdata.oceanobservatories.org/files/CE04OSBP/LJ01C/ADCPSI103/2023/09/ADCPSI103_10.33.12.5_2101_20230901T0000_UTC.dat,18153
CE04OSBP-LJ01C-05-ADCPSI103,2022,https://rawdata.oceanobservatories.org/files/CE04OSBP/LJ01C/ADCPSI103/2022/08/ADCPSI103_10.33.12.5_2101_20220823T0000_UTC.dat,21498
CE04OSBP-LJ01C-05-ADCPSI103,2021,https://rawdata.oceanobservatories.org/files/CE04OSBP/LJ01C/ADCPSI103/2021/08/ADCPSI103_10.33.12.5_2101_20210829T0000_UTC.dat,18153
CE04OSBP-LJ01C-05-ADCPSI103,2020,none,-99999
CE04OSBP-LJ01C-05-ADCPSI103,2019,none,-99999
CE04OSBP-LJ01C-05-ADCPSI103,2018,https://rawdata.oceanobservatories.org/files/CE04OSBP/LJ01C/ADCPSI103/2018/06/ADCPSI103_10.33.12.5_2101_20180628T0000_UTC.dat,18153
CE04OSBP-LJ01C-05-ADCPSI103,2017,https://rawdata.oceanobservatories.org/files/CE04OSBP/LJ01C/ADCPSI103/2017/08/ADCPSI103_10.33.12.5_2101_20170814T0000_UTC.dat,21498
CE04OSBP-LJ01C-05-ADCPSI103,2016,https://rawdata.oceanobservatories.org/files/CE04OSBP/LJ01C/ADCPSI103/2016/07/ADCPSI103_10.33.12.5_2101_20160726T0000_UTC.dat,18153
CE04OSBP-LJ01C-05-ADCPSI103,2015,https://rawdata.oceanobservatories.org/files/CE04OSBP/LJ01C/ADCPSI103/2015/08/ADCPSI103_10.33.12.5_2101_20150808T0000_UTC.dat,21498
CE04OSBP-LJ01C-05-ADCPSI103,2014,none,-99999
CE02SHBP-LJ01D-08-OPTAAD106,2025,https://rawdata.oceanobservatories.org/files/CE02SHBP/LJ01D/OPTAAD106/2025/08/OPTAAD106_10.33.14.8_2101_20250830T0000_UTC.dat,204
CE02SHBP-LJ01D-08-OPTAAD106,2024,https://rawdata.oceanobservatories.org/files/CE02SHBP/LJ01D/OPTAAD106/2024/08/OPTAAD106_10.33.14.8_2101_20240822T0000_UTC.dat,134
CE02SHBP-LJ01D-08-OPTAAD106,2023,https://rawdata.oceanobservatories.org/files/CE02SHBP/LJ01D/OPTAAD106/2023/08/OPTAAD106_10.33.14.8_2101_20230831T0000_UTC.dat,221
CE02SHBP-LJ01D-08-OPTAAD106,2022,https://rawdata.oceanobservatories.org/files/CE02SHBP/LJ01D/OPTAAD106/2022/08/OPTAAD106_10.33.14.8_2101_20220822T0000_UTC.dat,169
CE02SHBP-LJ01D-08-OPTAAD106,2021,https://rawdata.oceanobservatories.org/files/CE02SHBP/LJ01D/OPTAAD106/2021/08/OPTAAD106_10.33.14.8_2101_20210830T0000_UTC.dat,223
CE02SHBP-LJ01D-08-OPTAAD106,2020,none,-99999
CE02SHBP-LJ01D-08-OPTAAD106,2019,https://rawdata.oceanobservatories.org/files/CE02SHBP/LJ01D/OPTAAD106/2019/06/OPTAAD106_10.33.14.8_2101_20190626T0000_UTC.dat,223
CE02SHBP-LJ01D-08-OPTAAD106,2018,https://rawdata.oceanobservatories.org/files/CE02SHBP/LJ01D/OPTAAD106/2018/07/OPTAAD106_10.33.14.8_2101_20180712T0000_UTC.dat,134
CE02SHBP-LJ01D-08-OPTAAD106,2017,https://rawdata.oceanobservatories.org/files/CE02SHBP/LJ01D/OPTAAD106/2017/10/OPTAAD106_10.33.14.8_2101_20171003T0000_UTC.dat,223
CE02SHBP-LJ01D-08-OPTAAD106,2016,https://rawdata.oceanobservatories.org/files/CE02SHBP/LJ01D/OPTAAD106/2016/07/OPTAAD106_10.33.14.8_2101_20160725T2100_UTC.dat,243
CE02SHBP-LJ01D-08-OPTAAD106,2015,https://rawdata.oceanobservatories.org/files/CE02SHBP/LJ01D/OPTAAD106/2015/08/OPTAAD106_10.33.14.8_2101_20150802T2200_UTC.dat,221
CE02SHBP-LJ01D-08-OPTAAD106,2014,none,-99999
CE02SHBP-LJ01D-06-CTDBPN106,2025,https://rawdata.oceanobservatories.org/files/CE02SHBP/LJ01D/CTDBPN106/2025/08/CTDBPN106_10.33.14.6_2101_20250828T1612_UTC.dat,0114
CE02SHBP-LJ01D-06-CTDBPN106,2024,https://rawdata.oceanobservatories.org/files/CE02SHBP/LJ01D/CTDBPN106/2024/08/CTDBPN106_10.33.14.6_2101_20240819T1457_UTC.dat,0635
CE02SHBP-LJ01D-06-CTDBPN106,2023,https://rawdata.oceanobservatories.org/files/CE02SHBP/LJ01D/CTDBPN106/2023/08/CTDBPN106_10.33.14.6_2101_20230822T1503_UTC.dat,0114
CE02SHBP-LJ01D-06-CTDBPN106,2022,https://rawdata.oceanobservatories.org/files/CE02SHBP/LJ01D/CTDBPN106/2022/08/CTDBPN106_10.33.14.6_2101_20220819T0550_UTC.dat,7248
CE02SHBP-LJ01D-06-CTDBPN106,2021,https://rawdata.oceanobservatories.org/files/CE02SHBP/LJ01D/CTDBPN106/2021/08/CTDBPN106_10.33.14.6_2101_20210824T2103_UTC.dat,0114
CE02SHBP-LJ01D-06-CTDBPN106,2020,none,-99999
CE02SHBP-LJ01D-06-CTDBPN106,2019,https://rawdata.oceanobservatories.org/files/CE02SHBP/LJ01D/CTDBPN106/2019/06/CTDBPN106_10.33.14.6_2101_20190623T0352_UTC.dat,0114
CE02SHBP-LJ01D-06-CTDBPN106,2018,https://rawdata.oceanobservatories.org/files/CE02SHBP/LJ01D/CTDBPN106/2018/07/CTDBPN106_10.33.14.6_2101_20180710T1913_UTC.dat,7230
CE02SHBP-LJ01D-06-CTDBPN106,2017,https://rawdata.oceanobservatories.org/files/CE02SHBP/LJ01D/CTDBPN106/2017/09/CTDBPN106_10.33.14.6_2101_20170910T1447_UTC.dat,0114
CE02SHBP-LJ01D-06-CTDBPN106,2016,https://rawdata.oceanobservatories.org/files/CE02SHBP/LJ01D/CTDBPN106/2016/07/CTDBPN106_10.33.14.6_2101_20160725T1901_UTC.dat,7248
CE02SHBP-LJ01D-06-CTDBPN106,2015,https://rawdata.oceanobservatories.org/files/CE02SHBP/LJ01D/CTDBPN106/2015/08/CTDBPN106_10.33.14.6_2101_20150802T1935_UTC.dat,0114
CE02SHBP-LJ01D-06-CTDBPN106,2014,none,-99999
CE02SHBP-LJ01D-05-ADCPTB104,2025,https://rawdata.oceanobservatories.org/files/CE02SHBP/LJ01D/ADCPTB104/2025/08/ADCPTB104_10.33.14.5_2101_20250828T1648_UTC.dat,22115
CE02SHBP-LJ01D-05-ADCPTB104,2024,https://rawdata.oceanobservatories.org/files/CE02SHBP/LJ01D/ADCPTB104/2024/08/ADCPTB104_10.33.14.5_2101_20240822T0000_UTC.dat,19003
CE02SHBP-LJ01D-05-ADCPTB104,2023,https://rawdata.oceanobservatories.org/files/CE02SHBP/LJ01D/ADCPTB104/2023/08/ADCPTB104_10.33.14.5_2101_20230825T0000_UTC.dat,18493
CE02SHBP-LJ01D-05-ADCPTB104,2022,https://rawdata.oceanobservatories.org/files/CE02SHBP/LJ01D/ADCPTB104/2022/08/ADCPTB104_10.33.14.5_2101_20220822T0000_UTC.dat,19003
CE02SHBP-LJ01D-05-ADCPTB104,2021,https://rawdata.oceanobservatories.org/files/CE02SHBP/LJ01D/ADCPTB104/2021/08/ADCPTB104_10.33.14.5_2101_20210827T0000_UTC.dat,18493
CE02SHBP-LJ01D-05-ADCPTB104,2020,none,-99999
CE02SHBP-LJ01D-05-ADCPTB104,2019,https://rawdata.oceanobservatories.org/files/CE02SHBP/LJ01D/ADCPTB104/2019/06/ADCPTB104_10.33.14.5_2101_20190626T0000_UTC.dat,18493
CE02SHBP-LJ01D-05-ADCPTB104,2018,https://rawdata.oceanobservatories.org/files/CE02SHBP/LJ01D/ADCPTB104/2018/07/ADCPTB104_10.33.14.5_2101_20180712T0000_UTC.dat,22115
CE02SHBP-LJ01D-05-ADCPTB104,2017,https://rawdata.oceanobservatories.org/files/CE02SHBP/LJ01D/ADCPTB104/2017/09/ADCPTB104_10.33.14.5_2101_20170913T0000_UTC.dat,19003
CE02SHBP-LJ01D-05-ADCPTB104,2016,https://rawdata.oceanobservatories.org/files/CE02SHBP/LJ01D/ADCPTB104/2016/07/ADCPTB104_10.33.14.5_2101_20160727T0000_UTC.dat,18493
CE02SHBP-LJ01D-05-ADCPTB104,2015,https://rawdata.oceanobservatories.org/files/CE02SHBP/LJ01D/ADCPTB104/2015/08/ADCPTB104_10.33.14.5_2101_20150805T0000_UTC.dat,19003
CE02SHBP-LJ01D-05-ADCPTB104,2014,none,-99999
