,referenceDesignator,deployYear,imageFile,imageSerialNumber,imageAssetID,matching_asset_ids,proportion_match,matching_mfg_sn,exact_SN_match,exact_assetID_match,any_match
0,RS01SUM2-MJ01B-12-ADCPSK101,2018,/Volumes/Data0/Archive/Cruise_data/RCA/Visions_23/ship/cruiseshare/For_Science/Mitch/Equipment_photos/MJ01B/MJ01B_2018/MJ01B_20230827_132840_recovered.JPG,18977,,['ATAPL-58419-00003'],,['18977'],True,,True
1,RS01SLBS-LJ01A-10-ADCPTE101,2020,/Volumes/Data0/Archive/Cruise_data/RCA/Visions_23/ship/cruiseshare/For_Science/Mitch/Equipment_photos/LJ01A/ADCPTE101_2020/ADCPTE101_20230818_101613_recovered.JPG,18813,,['ATAPL-68073-00002'],,['18813'],True,,True
2,RS01SLBS-LJ01A-11-OPTAAC103,2020,/Volumes/Data0/Archive/Cruise_data/RCA/Visions_23/ship/cruiseshare/For_Science/Mitch/Equipment_photos/LJ01A/OPTAAC103_2020/OPTAAC103_20230818_100924_recovered.JPG,248,ATAPL-69943-00008,['ATAPL-69943-00008'],,['248'],True,,True
3,RS01SLBS-LJ01A-12-CTDPFB101,2020,/Volumes/Data0/Archive/Cruise_data/RCA/Visions_23/ship/cruiseshare/For_Science/Mitch/Equipment_photos/LJ01A/CTDPFB101_2020/CTDPFB101_20230818_101203_recovered.JPG,4830-67627,ATAPL-67627-00002,['ATAPL-67627-00002'],,,,True,True
4,RS01SLBS-LJ01A-12-DOSTAD101,2020,/Volumes/Data0/Archive/Cruise_data/RCA/Visions_23/ship/cruiseshare/For_Science/Mitch/Equipment_photos/LJ01A/DOSTAD101_2020/DOSTAD101_20230818_101328_recovered.JPG,,ATAPL-58320-00014,['ATAPL-58320-00014'],,,,True,True
5,RS03ASHS-PN03B-06-CAMHDA301,2021,/Volumes/Data0/Archive/Cruise_data/RCA/Visions_23/ship/cruiseshare/For_Science/Mitch/Equipment_photos/PN3B/CAMHDA301_2021/CAMHDA301_20230826_084159_recovered.JPG,,ATAPL-70150-00006,,,,,,
6,RS03INT1-MJ03C-05-CAMDSB303,2021,/Volumes/Data0/Archive/Cruise_data/RCA/Visions_23/ship/cruiseshare/For_Science/Mitch/Equipment_photos/MJ03C/CAMDSB303_2021/CAMDSB303_20230905_134705_recovered.JPG,,ATAPL-70101-00003,,,,,,
7,CE02SHBP-LJ01D-05-ADCPTB104,2022,/Volumes/Data0/Archive/Cruise_data/RCA/Visions_23/ship/cruiseshare/For_Science/Mitch/Equipment_photos/MJ01C/LJ01D_2022/ADCPTB104_2022/ADCPTB104_20230822_105037_recovered.JPG,19003,ATOSU-69826-00002,['ATOSU-69826-00002'],,['19003'],True,,True
8,CE02SHBP-LJ01D-06-CTDBPN106,2022,/Volumes/Data0/Archive/Cruise_data/RCA/Visions_23/ship/cruiseshare/For_Science/Mitch/Equipment_photos/MJ01C/LJ01D_2022/CTDBPN106_2022/CTDBPN106_20230822_104849_recovered.JPG,-7248,ATOSU-69827-00003,['ATOSU-69827-00003'],[0.38],['16P71879-7248'],,,True
9,CE02SHBP-LJ01D-06-DOSTAD106,2022,/Volumes/Data0/Archive/Cruise_data/RCA/Visions_23/ship/cruiseshare/For_Science/Mitch/Equipment_photos/MJ01C/LJ01D_2022/DOSTAD106_2022/DOSTAD106_20230822_105002_recovered.JPG,216,ATOSU-58320-00020,['ATOSU-58320-00020'],,['216'],True,,True
10,CE02SHBP-LJ01D-07-VEL3DC108,2022,/Volumes/Data0/Archive/Cruise_data/RCA/Visions_23/ship/cruiseshare/For_Science/Mitch/Equipment_photos/MJ01C/LJ01D_2022/VEL3DC108_2022/VEL3DC108_20230822_105728_recovered.JPG,5007/8167,ATOSU-69829-00003,['ATOSU-69829-00003'],"[0.5, 0.44]","['VEC-5007', ' VEC-8167']",,,True
11,CE02SHBP-LJ01D-08-OPTAAD106,2022,/Volumes/Data0/Archive/Cruise_data/RCA/Visions_23/ship/cruiseshare/For_Science/Mitch/Equipment_photos/MJ01C/LJ01D_2022/OPTAAD106_2022/OPTAAD106_20230822_104735_recovered.JPG,169,ATOSU-58332-00009,['ATOSU-58332-00009'],,['169'],True,,True
12,CE02SHBP-LJ01D-09-PCO2WB103,2022,/Volumes/Data0/Archive/Cruise_data/RCA/Visions_23/ship/cruiseshare/For_Science/Mitch/Equipment_photos/MJ01C/LJ01D_2022/PCO2WB103_2022/PCO2WB103_20230822_105848_recovered.JPG,C0080,ATOSU-70570-00002,['ATOSU-70570-00002'],,['C0080'],True,,True
13,CE02SHBP-LJ01D-10-PHSEND103,2022,/Volumes/Data0/Archive/Cruise_data/RCA/Visions_23/ship/cruiseshare/For_Science/Mitch/Equipment_photos/MJ01C/LJ01D_2022/PHSEND103_2022/PHSEND103_20230822_105918_recovered.JPG,P0116,ATOSU-70571-00001,['ATOSU-70571-00001'],,['P0116'],True,,True
14,CE02SHBP-LJ01D-11-HYDBBA106,2022,/Volumes/Data0/Archive/Cruise_data/RCA/Visions_23/ship/cruiseshare/For_Science/Mitch/Equipment_photos/MJ01C/LJ01D_2022/HYDBBA106_2022/HYDBBA106_20230822_104438_recovered.JPG,1248,,['ATOSU-58324-00014'],,['1248'],True,,True
15,CE02SHBP-MJ01C-07-ZPLSCB101,2022,/Volumes/Data0/Archive/Cruise_data/RCA/Visions_23/ship/cruiseshare/For_Science/Mitch/Equipment_photos/MJ01C/ZPLSCB101_2022/ZPLSCB101_20230822_113011_recovered.JPG,1233,,,,,,,
16,CE04OSBP-LJ01C-05-ADCPSI103,2022,/Volumes/Data0/Archive/Cruise_data/RCA/Visions_23/ship/cruiseshare/For_Science/Mitch/Equipment_photos/LV01C/LJ01C_2022/ADCPSI103_2022/ADCPSI103_20230828_182817_recovered.JPG,21498,ATOSU-69825-00001,['ATOSU-69825-00001'],,['21498'],True,,True
17,CE04OSBP-LJ01C-06-CTDBPO108,2022,/Volumes/Data0/Archive/Cruise_data/RCA/Visions_23/ship/cruiseshare/For_Science/Mitch/Equipment_photos/LV01C/LJ01C_2022/CTDBPO108_2022/CTDBPO108_20230828_182524_recovered.JPG,-7231,ATOSU-69828-00001,['ATOSU-69828-00001'],[0.38],['16P71176-7231'],,,True
18,CE04OSBP-LJ01C-06-DOSTAD108,2022,/Volumes/Data0/Archive/Cruise_data/RCA/Visions_23/ship/cruiseshare/For_Science/Mitch/Equipment_photos/LV01C/LJ01C_2022/DOSTAD108_2022/DOSTAD108_20230828_182609_recovered.JPG,133,ATOSU-58320-00021,['ATOSU-58320-00021'],,['133'],True,,True
19,CE04OSBP-LJ01C-07-VEL3DC107,2022,/Volumes/Data0/Archive/Cruise_data/RCA/Visions_23/ship/cruiseshare/For_Science/Mitch/Equipment_photos/LV01C/LJ01C_2022/VEL3DC107_2022/VEL3DC107_20230828_182739_recovered.JPG,4940/8159,ATOSU-69829-00004,['ATOSU-69829-00004'],"[0.5, 0.44]","['VEC-4940', ' VEC-8159']",,,True
20,CE04OSBP-LJ01C-08-OPTAAC104,2022,/Volumes/Data0/Archive/Cruise_data/RCA/Visions_23/ship/cruiseshare/For_Science/Mitch/Equipment_photos/LV01C/LJ01C_2022/OPTAAC104_2022/OPTAAC104_20230828_182406_recovered.JPG,191,ATOSU-69943-00010,['ATOSU-69943-00010'],,['191'],True,,True
21,CE04OSBP-LJ01C-09-PCO2WB104,2022,/Volumes/Data0/Archive/Cruise_data/RCA/Visions_23/ship/cruiseshare/For_Science/Mitch/Equipment_photos/LV01C/LJ01C_2022/PCO2WB104_2022/PCO2WB104_20230828_182838_recovered.JPG,C0064,ATOSU-70570-00001,['ATOSU-70570-00001'],,['C0064'],True,,True
22,CE04OSBP-LJ01C-10-PHSEND107,2022,/Volumes/Data0/Archive/Cruise_data/RCA/Visions_23/ship/cruiseshare/For_Science/Mitch/Equipment_photos/LV01C/LJ01C_2022/PHSEND107_2022/PHSEND107_20230828_182900_recovered.JPG,P0117,ATOSU-70571-00002,['ATOSU-70571-00002'],,['P0117'],True,,True
23,CE04OSBP-LJ01C-11-HYDBBA105,2022,/Volumes/Data0/Archive/Cruise_data/RCA/Visions_23/ship/cruiseshare/For_Science/Mitch/Equipment_photos/LV01C/LJ01C_2022/HYDBBA105_2022/HYDBBA105_20230828_182139_recovered.JPG,1248,,['ATOSU-58324-00014'],,['1248'],True,,True
24,CE04OSBP-LV01C-06-CAMDSB106,2022,/Volumes/Data0/Archive/Cruise_data/RCA/Visions_23/ship/cruiseshare/For_Science/Mitch/Equipment_photos/LV01C/CAMDSB106_2021/CAMDSB106_20230816_131118_recovered.JPG,,ATAPL-78437-0013A,,,,,,
25,CE04OSPD-DP01B-01-CTDPFL105,2022,/Volumes/Data0/Archive/Cruise_data/RCA/Visions_23/ship/cruiseshare/For_Science/Mitch/Equipment_photos/LV01C/DP01B_2022/DP01B_20230909_092056_recovered.JPG,52-0139,ATAPL-67977-00008,['ATAPL-67977-00003'],,['52-0139'],True,,True
26,CE04OSPD-DP01B-02-VEL3DA105,2022,/Volumes/Data0/Archive/Cruise_data/RCA/Visions_23/ship/cruiseshare/For_Science/Mitch/Equipment_photos/LV01C/DP01B_2022/DP01B_20230909_092020_recovered.JPG,1148,ATAPL-58346-00004,['ATAPL-58346-00004'],,['1148'],True,,True
27,CE04OSPD-DP01B-03-FLCDRA103,2022,/Volumes/Data0/Archive/Cruise_data/RCA/Visions_23/ship/cruiseshare/For_Science/Mitch/Equipment_photos/LV01C/DP01B_2022/DP01B_20230909_091949_recovered.JPG,3400,ATOSU-70111-00007,['ATOSU-70111-00007'],,['3400'],True,,True
28,CE04OSPD-DP01B-06-DOSTAD105,2022,/Volumes/Data0/Archive/Cruise_data/RCA/Visions_23/ship/cruiseshare/For_Science/Mitch/Equipment_photos/LV01C/DP01B_2022/DP01B_20230909_092132_recovered.JPG,459,ATAPL-58320-00001,['ATAPL-58320-00010'],,['459'],True,,True
29,CE04OSPS-PC01B-4A-CTDPFA109,2022,/Volumes/Data0/Archive/Cruise_data/RCA/Visions_23/ship/cruiseshare/For_Science/Mitch/Equipment_photos/PC01B/PC01B_2022/CTDPFA109_2022/CTDPFA109_20230816_132845_recovered.JPG,16-50018,ATOSU-6662-00006,['ATOSU-66662-00006'],,['16-50018'],True,,True
30,CE04OSPS-PC01B-4B-PHSENA106,2022,/Volumes/Data0/Archive/Cruise_data/RCA/Visions_23/ship/cruiseshare/For_Science/Mitch/Equipment_photos/PC01B/PC01B_2022/PHSENA106_2022/PHSENA106_20230816_132739_recovered.JPG,P0115,ATOSU-58337-00007,['ATOSU-58337-00007'],,['P0115'],True,,True
31,CE04OSPS-PC01B-4D-PCO2WA105,2022,/Volumes/Data0/Archive/Cruise_data/RCA/Visions_23/ship/cruiseshare/For_Science/Mitch/Equipment_photos/PC01B/PC01B_2022/PCO2WA105_2022/PCO2WA105_20230816_132548_recovered.JPG,C0079,ATOSU-58336-00006,['ATOSU-58336-00006'],,['C0079'],True,,True
32,CE04OSPS-SF01B-2A-CTDPFA107,2022,/Volumes/Data0/Archive/Cruise_data/RCA/Visions_23/ship/cruiseshare/For_Science/Mitch/Equipment_photos/SF01B/SF01B_2022/CTDPFA107_2022/CTDPFA107_20230816_105856_recovered.JPG,,ATAPL-66662-00005,['ATAPL-66662-00005'],,,,True,True
33,CE04OSPS-SF01B-2A-DOFSTA107,2022,/Volumes/Data0/Archive/Cruise_data/RCA/Visions_23/ship/cruiseshare/For_Science/Mitch/Equipment_photos/SF01B/SF01B_2022/DOFSTA107_2022/DOFSTA107_20230816_110003_recovered.JPG,,ATAPL-58694-00003,['ATAPL-58694-00003'],,,,True,True
34,CE04OSPS-SF01B-2B-PHSENA108,2022,/Volumes/Data0/Archive/Cruise_data/RCA/Visions_23/ship/cruiseshare/For_Science/Mitch/Equipment_photos/SF01B/SF01B_2022/PHSENA108_2022/PHSENA108_20230816_105708_recovered.JPG,P0133,ATAPL-58337-00006,['ATAPL-58337-00006'],,['P0133'],True,,True
35,CE04OSPS-SF01B-3A-FLORTD104,2022,/Volumes/Data0/Archive/Cruise_data/RCA/Visions_23/ship/cruiseshare/For_Science/Mitch/Equipment_photos/SF01B/SF01B_2022/FLORTD104_2022/FLORTD104_20230816_110310_recovered.JPG,1292,ATAPL-58322-00009,['ATAPL-58324-00007'],,['1292'],True,,True
36,CE04OSPS-SF01B-3B-OPTAAD105,2022,/Volumes/Data0/Archive/Cruise_data/RCA/Visions_23/ship/cruiseshare/For_Science/Mitch/Equipment_photos/SF01B/SF01B_2022/OPTAAD105_2022/OPTAAD105_20230816_110154_recovered.JPG,186,ATAPL-58332-00004,['ATAPL-58332-00004'],,['186'],True,,True
37,CE04OSPS-SF01B-4A-NUTNRA102,2022,/Volumes/Data0/Archive/Cruise_data/RCA/Visions_23/ship/cruiseshare/For_Science/Mitch/Equipment_photos/SF01B/SF01B_2022/NUTNRA102_2022/NUTNRA102_20230816_105152_recovered.JPG,617,ATPAL-68020-00006,['ATAPL-68020-00006'],,['617'],True,,True
38,CE04OSPS-SF01B-4B-VELPTD106,2022,/Volumes/Data0/Archive/Cruise_data/RCA/Visions_23/ship/cruiseshare/For_Science/Mitch/Equipment_photos/SF01B/SF01B_2022/VELPTD106_2022/VELPTD106_20230816_105106_recovered.JPG,7205/12227,ATAPL-70114-00006,"['ATAPL-66662-00002', 'ATAPL-70114-00006']","[0.31, 0.5, 0.5]","['16P71179-7205', 'AQS-7205', ' AQD-12227']",,,True
39,CE04OSPS-SF01B-4F-PCO2WA102,2022,/Volumes/Data0/Archive/Cruise_data/RCA/Visions_23/ship/cruiseshare/For_Science/Mitch/Equipment_photos/SF01B/SF01B_2022/PCO2WA102_2022/PCO2WA102_20230816_105312_recovered.JPG,C0117,ATOSU-58336-00008,['ATOSU-58336-00008'],,['C0117'],True,,True
40,RS01SBPD-DP01A-01-CTDPFL104,2022,/Volumes/Data0/Archive/Cruise_data/RCA/Visions_23/ship/cruiseshare/For_Science/Mitch/Equipment_photos/LV01A/DP01A_2022/DP01A_20230911_124456_recovered.JPG,52-0145,ATAPL-67977-00005,['ATAPL-67977-00005'],,['52-0145'],True,,True
41,RS01SBPD-DP01A-02-VEL3DA103,2022,/Volumes/Data0/Archive/Cruise_data/RCA/Visions_23/ship/cruiseshare/For_Science/Mitch/Equipment_photos/LV01A/DP01A_2022/DP01A_20230911_124524_recovered.JPG,52-0139,ATAPL-67977-00003,['ATAPL-67977-00003'],,['52-0139'],True,,True
42,RS01SBPD-DP01A-03-FLCDRA102,2022,/Volumes/Data0/Archive/Cruise_data/RCA/Visions_23/ship/cruiseshare/For_Science/Mitch/Equipment_photos/LV01A/DP01A_2022/DP01A_20230911_124424_recovered.JPG,3460,ATAPL-70111-00003,['ATAPL-70111-00003'],,['3460'],True,,True
43,RS01SBPD-DP01A-04-FLNTUA102,2022,/Volumes/Data0/Archive/Cruise_data/RCA/Visions_23/ship/cruiseshare/For_Science/Mitch/Equipment_photos/LV01A/DP01A_2022/DP01A_20230911_124344_recovered.JPG,3468,ATAPL-70110-00003,['ATAPL-70110-00003'],,['3468'],True,,True
44,RS01SBPD-DP01A-06-DOSTAD104,2022,/Volumes/Data0/Archive/Cruise_data/RCA/Visions_23/ship/cruiseshare/For_Science/Mitch/Equipment_photos/LV01A/DP01A_2022/DP01A_20230911_124442_recovered.JPG,137,,['ATOSU-58320-00008'],,['137'],True,,True
45,RS01SBPS-PC01A-05-ADCPTD102,2022,/Volumes/Data0/Archive/Cruise_data/RCA/Visions_23/ship/cruiseshare/For_Science/Mitch/Equipment_photos/PC01A/PC01A_2022/ADCPTD102_2022/ADCPTD102_20230817_184601_recovered.JPG,23339,ATAPL-58315-00005,['ATAPL-58315-00005'],,['23339'],True,,True
46,RS01SBPS-PC01A-06-VADCPA101,2022,/Volumes/Data0/Archive/Cruise_data/RCA/Visions_23/ship/cruiseshare/For_Science/Mitch/Equipment_photos/PC01A/PC01A_2022/VADCPA101_2022/VADCPA101_20230817_184230_recovered.JPG,19073,ATAPL-58345-00002,['ATAPL-58345-00002'],,['19073'],True,,True
47,RS01SBPS-PC01A-07-CAMDSC102,2022,/Volumes/Data0/Archive/Cruise_data/RCA/Visions_23/ship/cruiseshare/For_Science/Mitch/Equipment_photos/PC01A/PC01A_2022/CAMDSC102_2022/CAMDSC102_20230817_184040_recovered.JPG,,ATAPL-78438-00006,,,,,,
48,RS01SBPS-PC01A-08-HYDBBA103,2022,/Volumes/Data0/Archive/Cruise_data/RCA/Visions_23/ship/cruiseshare/For_Science/Mitch/Equipment_photos/PC01A/PC01A_2022/HYDBBA103_2022/HYDBBA103_20230817_182737_recovered.JPG,1361,,['ATAPL-58324-00008'],,['1361'],True,,True
49,RS01SBPS-PC01A-4A-CTDPFA103,2022,/Volumes/Data0/Archive/Cruise_data/RCA/Visions_23/ship/cruiseshare/For_Science/Mitch/Equipment_photos/PC01A/PC01A_2022/CTDPFA103_2022/CTDPFA103_20230817_183300_recovered.JPG,16P65795-6914,ATAPL-66662-00001,['ATAPL-66662-00001'],,['16P65795-6914'],True,,True
50,RS01SBPS-PC01A-4B-PHSENA102,2022,/Volumes/Data0/Archive/Cruise_data/RCA/Visions_23/ship/cruiseshare/For_Science/Mitch/Equipment_photos/PC01A/PC01A_2022/PHSENA102_2022/PHSENA102_20230817_183145_recovered.JPG,P0164,ATAPL-58337-00014,['ATAPL-58337-00014'],,['P0164'],True,,True
51,RS01SBPS-PC01A-4C-FLORDD103,2022,/Volumes/Data0/Archive/Cruise_data/RCA/Visions_23/ship/cruiseshare/For_Science/Mitch/Equipment_photos/PC01A/PC01A_2022/FLORDD103_2022/FLORDD103_20230817_183410_recovered.JPG,1132,,['ATAPL-58322-00005'],,['1132'],True,,True
52,RS01SBPS-SF01A-2A-CTDPFA102,2022,/Volumes/Data0/Archive/Cruise_data/RCA/Visions_23/ship/cruiseshare/For_Science/Mitch/Equipment_photos/SF01A/SF01A_2022/CTDPFA102_2022/CTDPFA102_20230817_190818_recovered.JPG,-7205,ATAPL-66662-00002,"['ATAPL-66662-00002', 'ATAPL-70114-00006']","[0.38, 0.62]","['16P71179-7205', 'AQS-7205']",,,True
53,RS01SBPS-SF01A-2D-PHSENA101,2022,/Volumes/Data0/Archive/Cruise_data/RCA/Visions_23/ship/cruiseshare/For_Science/Mitch/Equipment_photos/SF01A/SF01A_2022/PHSENA101_2022/PHSENA101_20230817_190724_recovered.JPG,P0163,ATAPL-58337-00013,['ATAPL-58337-00013'],,['P0163'],True,,True
54,RS01SBPS-SF01A-3A-FLORTD101,2022,/Volumes/Data0/Archive/Cruise_data/RCA/Visions_23/ship/cruiseshare/For_Science/Mitch/Equipment_photos/SF01A/SF01A_2022/FLORTD101_2022/FLORTD101_20230817_191316_recovered.JPG,1130,ATPAL-58322-00003,['ATAPL-58346-00003'],,['1130'],True,,True
55,RS01SBPS-SF01A-3B-OPTAAD101,2022,/Volumes/Data0/Archive/Cruise_data/RCA/Visions_23/ship/cruiseshare/For_Science/Mitch/Equipment_photos/SF01A/SF01A_2022/OPTAAD101_2022/OPTAAD101_20230817_191116_recovered.JPG,244,ATAPL-58332-00005,['ATAPL-58341-00002'],,['244'],True,,True
56,RS01SBPS-SF01A-4A-NUTNRA101,2022,/Volumes/Data0/Archive/Cruise_data/RCA/Visions_23/ship/cruiseshare/For_Science/Mitch/Equipment_photos/SF01A/SF01A_2022/NUTNRA101_2022/NUTNRA101_20230817_190427_recovered.JPG,380,ATAPL-68020-00003,['ATAPL-68020-00003'],,['380'],True,,True
57,RS01SBPS-SF01A-4B-VELPTD102,2022,/Volumes/Data0/Archive/Cruise_data/RCA/Visions_23/ship/cruiseshare/For_Science/Mitch/Equipment_photos/SF01A/SF01A_2022/VELPTD102_2022/VELPTD102_20230817_190534_recovered.JPG,6389,ATAPL-70114-00003,['ATAPL-70114-00003'],[0.5],['AQS-6389'],,,True
58,RS01SBPS-SF01A-4F-PCO2WA101,2022,/Volumes/Data0/Archive/Cruise_data/RCA/Visions_23/ship/cruiseshare/For_Science/Mitch/Equipment_photos/SF01A/SF01A_2022/PCO2WA101_2022/PCO2WA101_20230817_190321_recovered.JPG,C0091,ATAPL-58336-00004,['ATAPL-58336-00004'],,['C0091'],True,,True
59,RS01SUM2-MJ01B-00-FLOBNC101,2022,/Volumes/Data0/Archive/Cruise_data/RCA/Visions_23/ship/cruiseshare/For_Science/Mitch/Equipment_photos/MJ01B/FLOBNC101_2022/FLOBNC101_20230828_003905_recovered.JPG,,ATAPL-58344-00004,,,,,,
60,RS01SUM2-MJ01B-00-FLOBNM101,2022,/Volumes/Data0/Archive/Cruise_data/RCA/Visions_23/ship/cruiseshare/For_Science/Mitch/Equipment_photos/MJ01B/FLOBNM101_2022/FLOBNM101_20230828_002531_recovered.JPG,3,,['ATAPL-71444-00003'],,['3'],True,,True
61,RS01SUM2-MJ01B-00-OSMOIA101,2022,/Volumes/Data0/Archive/Cruise_data/RCA/Visions_23/ship/cruiseshare/For_Science/Mitch/Equipment_photos/MJ01B/OSMOIA101_2022/OSMOIA101_20230828_003308_recovered.JPG,1,,['ATAPL-71444-00001'],,['1'],True,,True
62,RS01SUM2-MJ01B-05-CAMDSB103,2022,/Volumes/Data0/Archive/Cruise_data/RCA/Visions_23/ship/cruiseshare/For_Science/Mitch/Equipment_photos/MJ01B/CAMDSB103_2021/CAMDSB103_20230827_181333_recovered.JPG,,ATOSU-70101-00013,,,,,,
63,RS03ASHS-MJ03B-00-OSMOIA301,2022,/Volumes/Data0/Archive/Cruise_data/RCA/Visions_23/ship/cruiseshare/For_Science/Mitch/Equipment_photos/MJ03B/OSMOIA301_2022/OSMOIA301_20230826_083247_recovered.JPG,2,,['ATAPL-71444-00002'],,['2'],True,,True
64,RS03AXBS-LJ03A-05-HPIESA301,2022,/Volumes/Data0/Archive/Cruise_data/RCA/Visions_23/ship/cruiseshare/For_Science/Mitch/Equipment_photos/LJ03A/HPIESA301_2022/HPIESA301_20230903_215058_recovered.JPG,308,,['ATAPL-58323-00002'],[0.75],[' 308'],,,True
65,RS03AXBS-LJ03A-11-OPTAAC303,2022,/Volumes/Data0/Archive/Cruise_data/RCA/Visions_23/ship/cruiseshare/For_Science/Mitch/Equipment_photos/LJ03A/CTDPFB301_DOSTAD301_OPTAAC303_2022/OPTAAC303_20230913_085556_recovered.JPG,156,ATAPL-69943-00003,['ATAPL-69943-00003'],,['156'],True,,True
66,RS03AXBS-LJ03A-12-CTDPFB301,2022,/Volumes/Data0/Archive/Cruise_data/RCA/Visions_23/ship/cruiseshare/For_Science/Mitch/Equipment_photos/LJ03A/CTDPFB301_DOSTAD301_OPTAAC303_2022/CTDPFB301_20230913_085400_recovered.JPG,-50031,ATAPL-67627-00003,['ATAPL-67627-00003'],[0.43],['16P71179-50031'],,,True
67,RS03AXBS-LJ03A-12-DOSTAD301,2022,/Volumes/Data0/Archive/Cruise_data/RCA/Visions_23/ship/cruiseshare/For_Science/Mitch/Equipment_photos/LJ03A/CTDPFB301_DOSTAD301_OPTAAC303_2022/CTDPFB301_20230913_085400_recovered.JPG,273,ATAPL-58320-00003,['ATAPL-58320-00003'],,['273'],True,,True
68,RS03AXPD-DP03A-01-CTDPFL304,2022,/Volumes/Data0/Archive/Cruise_data/RCA/Visions_23/ship/cruiseshare/For_Science/Mitch/Equipment_photos/LV03A/DP03A_2022/DP03A_20230912_155625_recovered.JPG,52-0144,ATAPL-67977-00004,['ATAPL-67977-00004'],,['52-0144'],True,,True
69,RS03AXPD-DP03A-02-VEL3DA303,2022,/Volumes/Data0/Archive/Cruise_data/RCA/Visions_23/ship/cruiseshare/For_Science/Mitch/Equipment_photos/LV03A/DP03A_2022/DP03A_20230912_155652_recovered.JPG,1214,ATAPL-58346-00005,['ATAPL-58346-00005'],,['1214'],True,,True
70,RS03AXPD-DP03A-03-FLCDRA302,2022,/Volumes/Data0/Archive/Cruise_data/RCA/Visions_23/ship/cruiseshare/For_Science/Mitch/Equipment_photos/LV03A/DP03A_2022/DP03A_20230912_155723_recovered.JPG,3099,ATAPL-70110-00001,['ATAPL-70110-00001'],,['3099'],True,,True
71,RS03AXPD-DP03A-03-FLNTUA302,2022,/Volumes/Data0/Archive/Cruise_data/RCA/Visions_23/ship/cruiseshare/For_Science/Mitch/Equipment_photos/LV03A/DP03A_2022/DP03A_20230912_155729_recovered.JPG,3098,ATAPL-70111-00001,['ATAPL-70111-00001'],,['3098'],True,,True
72,RS03AXPD-DP03A-06-DOSTAD304,2022,/Volumes/Data0/Archive/Cruise_data/RCA/Visions_23/ship/cruiseshare/For_Science/Mitch/Equipment_photos/LV03A/DP03A_2022/DP03A_20230912_155714_recovered.JPG,458,ATAPL-58320-00009,['ATAPL-58320-00009'],,['458'],True,,True
73,RS03AXPS-PC03A-05-ADCPTD302,2022,/Volumes/Data0/Archive/Cruise_data/RCA/Visions_23/ship/cruiseshare/For_Science/Mitch/Equipment_photos/PC03A/PC03A_2022/ADCPTD302_2022/ADCPTD302_20230825_132805_recovered.JPG,18980,,['ATAPL-58315-00003'],,['18980'],True,,True
74,RS03AXPS-PC03A-06-VADCPA301,2022,/Volumes/Data0/Archive/Cruise_data/RCA/Visions_23/ship/cruiseshare/For_Science/Mitch/Equipment_photos/PC03A/PC03A_2022/VADCPA301_2022/VADCPA301_20230825_132551_recovered.JPG,19075,ATAPL-58345-00003,['ATAPL-58345-00003'],,['19075'],True,,True
75,RS03AXPS-PC03A-07-CAMDSC302,2022,/Volumes/Data0/Archive/Cruise_data/RCA/Visions_23/ship/cruiseshare/For_Science/Mitch/Equipment_photos/PC03A/PC03A_2022/CAMDSC302_2022/CAMDSC302_20230825_131735_recovered.JPG,,ATAPL-78438-00001,,,,,,
76,RS03AXPS-PC03A-08-HYDBBA303,2022,/Volumes/Data0/Archive/Cruise_data/RCA/Visions_23/ship/cruiseshare/For_Science/Mitch/Equipment_photos/PC03A/PC03A_2022/HYDBBA303_2022/HYDBBA303_20230825_135608_recovered.JPG,1272,,['ATAPL-58324-00004'],,['1272'],True,,True
77,RS03AXPS-PC03A-4A-CTDPFA303,2022,/Volumes/Data0/Archive/Cruise_data/RCA/Visions_23/ship/cruiseshare/For_Science/Mitch/Equipment_photos/PC03A/PC03A_2022/CTDPFA303_2022/CTDPFA303_20230825_132142_recovered.JPG,16P71179-7233,,['ATAPL-66662-00004'],,['16P71179-7233'],True,,True
78,RS03AXPS-PC03A-4A-DOSTAD303,2022,/Volumes/Data0/Archive/Cruise_data/RCA/Visions_23/ship/cruiseshare/For_Science/Mitch/Equipment_photos/PC03A/PC03A_2022/DOSTAD303_2022/DOSTAD303_20230825_132301_recovered.JPG,1794559,,,,,,,
79,RS03AXPS-PC03A-4B-PHSENA302,2022,/Volumes/Data0/Archive/Cruise_data/RCA/Visions_23/ship/cruiseshare/For_Science/Mitch/Equipment_photos/PC03A/PC03A_2022/PHSENA302_2022/PHSENA302_20230825_131910_recovered.JPG,P0110,ATAPL-58337-00004,['ATAPL-58337-00004'],,['P0110'],True,,True
80,RS03AXPS-PC03A-4C-FLORDD303,2022,/Volumes/Data0/Archive/Cruise_data/RCA/Visions_23/ship/cruiseshare/For_Science/Mitch/Equipment_photos/PC03A/PC03A_2022/FLORDD303_2022/FLORDD303_20230825_132422_recovered.JPG,1131,ATAPL-58322-00004,['ATOSU-58346-00008'],,['1131'],True,,True
81,RS03AXPS-SF03A-2A-CTDPFA302,2022,"/Volumes/Data0/Archive/Cruise_data/RCA/Visions_23/ship/cruiseshare/For_Science/Mitch/Equipment_photos/SF03A/SF03A_2022/CTDPFA302_2022/CTDPFA302_20230825_091323_recovered.JPG, /Volumes/Data0/Archive/Cruise_data/RCA/Visions_23/ship/cruiseshare/For_Science/Mitch/Equipment_photos/SF03A/SF03A_2022/CTDPFA302_2022/CTDPFA302_20230825_091316_recovered.JPG",90641-102,,,,,,,
82,RS03AXPS-SF03A-2A-DOFSTA302,2022,/Volumes/Data0/Archive/Cruise_data/RCA/Visions_23/ship/cruiseshare/For_Science/Mitch/Equipment_photos/SF03A/SF03A_2022/DOFSTA302_2022/DOFSTA302_20230825_091406_recovered.JPG,1794924,,,,,,,
83,RS03AXPS-SF03A-2D-PHSENA301,2022,/Volumes/Data0/Archive/Cruise_data/RCA/Visions_23/ship/cruiseshare/For_Science/Mitch/Equipment_photos/SF03A/SF03A_2022/PHSENA301_2022/PHSENA301_20230825_091247_recovered.JPG,P0112,ATAPL-58337-00002,['ATAPL-58337-00002'],,['P0112'],True,,True
84,RS03AXPS-SF03A-3A-FLORTD301,2022,/Volumes/Data0/Archive/Cruise_data/RCA/Visions_23/ship/cruiseshare/For_Science/Mitch/Equipment_photos/SF03A/SF03A_2022/FLORTD301_2022/FLORTD301_20230825_091222_recovered.JPG,5967,ATAPL-58322-00014,['ATAPL-58322-00014'],,['5967'],True,,True
85,RS03AXPS-SF03A-3B-OPTAAD301,2022,/Volumes/Data0/Archive/Cruise_data/RCA/Visions_23/ship/cruiseshare/For_Science/Mitch/Equipment_photos/SF03A/SF03A_2022/OPTAAD301_2022/OPTAAD301_20230825_090543_recovered.JPG,134,ATAPL-58332-00001,['ATAPL-58332-00001'],,['134'],True,,True
86,RS03AXPS-SF03A-4A-NUTNRA301,2022,/Volumes/Data0/Archive/Cruise_data/RCA/Visions_23/ship/cruiseshare/For_Science/Mitch/Equipment_photos/SF03A/SF03A_2022/NUTNRA301_2022/NUTNRA301_20230825_091448_recovered.JPG,379,ATAPL-68020-00002,['ATAPL-68020-00002'],,['379'],True,,True
87,RS03AXPS-SF03A-4B-VELPTD302,2022,/Volumes/Data0/Archive/Cruise_data/RCA/Visions_23/ship/cruiseshare/For_Science/Mitch/Equipment_photos/SF03A/SF03A_2022/VELPTD302_2022/VELPTD302_20230825_091505_recovered.JPG,6334,ATAPL-70114-00002,['ATAPL-70114-00002'],[0.5],['AQS-6334'],,,True
88,RS03AXPS-SF03A-4F-PCO2WA301,2022,/Volumes/Data0/Archive/Cruise_data/RCA/Visions_23/ship/cruiseshare/For_Science/Mitch/Equipment_photos/SF03A/SF03A_2022/PCO2WA301_2022/PCO2WA301_20230825_091601_recovered.JPG,C0124,ATAPL-58336-00010,['ATAPL-58336-00010'],,['C0124'],True,,True
89,RS03CCAL-MJ03F-12-CTDPFB305,2022,/Volumes/Data0/Archive/Cruise_data/RCA/Visions_23/ship/cruiseshare/For_Science/Mitch/Equipment_photos/MJ03B/CTDPFB304_2022/CTDPFB304_20230905_181527_recovered.JPG,2595170,,,,,,,
90,RS03ECAL-MJ03E-12-CTDPFB306,2022,/Volumes/Data0/Archive/Cruise_data/RCA/Visions_23/ship/cruiseshare/For_Science/Mitch/Equipment_photos/MJ03E/CTDPFB306_2022/CTDPFB306_20230917_001823_recovered.JPG,16-50321,ATCWK-67627-00008,['ATCWK-67627-00008'],,['16-50321'],True,,True
91,RS03INT1-MJ03C-07-D1000A301,2022,/Volumes/Data0/Archive/Cruise_data/RCA/Visions_23/ship/cruiseshare/For_Science/Mitch/Equipment_photos/MJ03C/RASFLA301_2022/RASFLA301_20230905_000458_recovered.JPG,TABGB1052295,ATAPL-58340-00002,['ATAPL-58340-00002'],,,,True,True
92,RS03INT1-MJ03C-07-PPSDNA301,2022,/Volumes/Data0/Archive/Cruise_data/RCA/Visions_23/ship/cruiseshare/For_Science/Mitch/Equipment_photos/MJ03C/PPSDNA301_2022/PPSDNA301_20230905_000134_recovered.JPG,,ATAPL-58338-00003,['ATAPL-58338-00003'],,,,True,True
93,RS03INT1-MJ03C-07-RASFLA301,2022,/Volumes/Data0/Archive/Cruise_data/RCA/Visions_23/ship/cruiseshare/For_Science/Mitch/Equipment_photos/MJ03C/RASFLA301_2022/RASFLA301_20230905_000458_recovered.JPG,TABGB1052295,ATAPL-58340-00002,['ATAPL-58340-00002'],,,,True,True
94,CE02SHBP-LJ01D-05-ADCPTB104,2023,/Volumes/Data0/Archive/Cruise_data/RCA/Visions_23/ship/cruiseshare/For_Science/Mitch/Equipment_photos/MJ01C/LJ01D_2023/ADCPTB104_2023/ADCPTB104_20230814_004945_predeploy.JPG,18493,ATOSU-69826-00001,['ATOSU-69826-00001'],,['18493'],True,,True
95,CE02SHBP-LJ01D-06-CTDBPN106,2023,/Volumes/Data0/Archive/Cruise_data/RCA/Visions_23/ship/cruiseshare/For_Science/Mitch/Equipment_photos/MJ01C/LJ01D_2023/CTDBPN106_2023/CTDBPN106_20230814_004546_predeploy.JPG,16-50114,ATOSU-69827-00002,['ATOSU-69827-00002'],,['16-50114'],True,,True
96,CE02SHBP-LJ01D-06-DOSTAD106,2023,/Volumes/Data0/Archive/Cruise_data/RCA/Visions_23/ship/cruiseshare/For_Science/Mitch/Equipment_photos/MJ01C/LJ01D_2023/DOSTAD106_2023/DOSTAD106_20230814_004615_predeploy.JPG,311,ATOSU-58320-00019,['ATOSU-58320-00019'],,['311'],True,,True
97,CE02SHBP-LJ01D-07-VEL3DC108,2023,/Volumes/Data0/Archive/Cruise_data/RCA/Visions_23/ship/cruiseshare/For_Science/Mitch/Equipment_photos/MJ01C/LJ01D_2023/VEL3DC108_2023/VEL3DC108_20230814_004902_predeploy.JPG,13934,ATOSU-69829-00001,['ATOSU-69829-00001'],[0.5],[' VEC-13934'],,,True
98,CE02SHBP-LJ01D-08-OPTAAD106,2023,/Volumes/Data0/Archive/Cruise_data/RCA/Visions_23/ship/cruiseshare/For_Science/Mitch/Equipment_photos/MJ01C/LJ01D_2023/OPTAAD106_2023/OPTAAD106_20230814_004343_predeploy.JPG,221,ATOSU-58332-00008,['ATOSU-58332-00008'],,['221'],True,,True
99,CE02SHBP-LJ01D-09-PCO2WB103,2023,/Volumes/Data0/Archive/Cruise_data/RCA/Visions_23/ship/cruiseshare/For_Science/Mitch/Equipment_photos/MJ01C/LJ01D_2023/PCO2WB103_2023/PCO2WB103_20230814_005042_predeploy.JPG,C0116,ATOSU-58336-00007,['ATOSU-58336-00007'],,['C0116'],True,,True
100,CE02SHBP-LJ01D-10-PHSEND103,2023,/Volumes/Data0/Archive/Cruise_data/RCA/Visions_23/ship/cruiseshare/For_Science/Mitch/Equipment_photos/MJ01C/LJ01D_2023/PHSEND103_2023/PHSEND103_20230814_005008_predeploy.JPG,P0131,ATOSU-58337-00008,['ATOSU-58337-00008'],,['P0131'],True,,True
101,CE02SHBP-LJ01D-11-HYDBBA106,2023,/Volumes/Data0/Archive/Cruise_data/RCA/Visions_23/ship/cruiseshare/For_Science/Mitch/Equipment_photos/MJ01C/LJ01D_2023/HYDBBA106_2023/HYDBBA106_20230814_004156_predeploy.JPG,141,,['ATAPL-69943-00001'],,['141'],True,,True
102,CE02SHBP-MJ01C-07-ZPLSCB101,2023,/Volumes/Data0/Archive/Cruise_data/RCA/Visions_23/ship/cruiseshare/For_Science/Mitch/Equipment_photos/MJ01C/ZPLSCB101_2023/ZPLSCB101_20230813_213713_predeploy.JPG,2,ATAPL-90485-20002,['ATAPL-71444-00002'],,['2'],True,,True
103,CE04OSBP-LJ01C-05-ADCPSI103,2023,/Volumes/Data0/Archive/Cruise_data/RCA/Visions_23/ship/cruiseshare/For_Science/Mitch/Equipment_photos/LV01C/LJ01C_2023/ADCPSI103_2023/ADCPSI103_20230815_184746_predeploy.JPG,18153,,['ATOSU-69825-00002'],,['18153'],True,,True
104,CE04OSBP-LJ01C-06-CTDBPO108,2023,/Volumes/Data0/Archive/Cruise_data/RCA/Visions_23/ship/cruiseshare/For_Science/Mitch/Equipment_photos/LV01C/LJ01C_2023/CTDBPO108_2023/CTDBPO108_20230815_184005_predeploy.JPG,7249,ATOSU-69828-00002,['ATOSU-69828-00002'],[0.31],['16P71879-7249'],,,True
105,CE04OSBP-LJ01C-06-DOSTAD108,2023,/Volumes/Data0/Archive/Cruise_data/RCA/Visions_23/ship/cruiseshare/For_Science/Mitch/Equipment_photos/LV01C/LJ01C_2023/DOSTAD108_2023/DOSTAD108_20230815_184046_predeploy.JPG,381,ATOSU-58320-00022,['ATOSU-58320-00022'],,['381'],True,,True
106,CE04OSBP-LJ01C-07-VEL3DC107,2023,/Volumes/Data0/Archive/Cruise_data/RCA/Visions_23/ship/cruiseshare/For_Science/Mitch/Equipment_photos/LV01C/LJ01C_2023/VEL3DC107_2023/VEL3DC107_20230815_184928_predeploy.JPG,5156/12587,ATOSU-69829-00002,['ATOSU-69829-00002'],"[0.5, 0.5]","['VEC-5156', ' VEC-12587']",,,True
107,CE04OSBP-LJ01C-08-OPTAAC104,2023,/Volumes/Data0/Archive/Cruise_data/RCA/Visions_23/ship/cruiseshare/For_Science/Mitch/Equipment_photos/LV01C/LJ01C_2023/OPTAAC104_2023/OPTAAC104_20230815_183725_predeploy.JPG,140,ATOSU-69943-00011,['ATOSU-69943-00011'],,['140'],True,,True
108,CE04OSBP-LJ01C-09-PCO2WB104,2023,/Volumes/Data0/Archive/Cruise_data/RCA/Visions_23/ship/cruiseshare/For_Science/Mitch/Equipment_photos/LV01C/LJ01C_2023/PCO2WB104_2023/PCO2WB104_20230815_185025_predeploy.JPG,C0090,ATOSU-70570-00003,['ATOSU-70570-00003'],,['C0090'],True,,True
109,CE04OSBP-LJ01C-10-PHSEND107,2023,/Volumes/Data0/Archive/Cruise_data/RCA/Visions_23/ship/cruiseshare/For_Science/Mitch/Equipment_photos/LV01C/LJ01C_2023/PHSEND107_2023/PHSEND107_20230815_185104_predeploy.JPG,P0132,ATOSU-70571-00003,['ATOSU-70571-00003'],,['P0132'],True,,True
110,CE04OSBP-LJ01C-11-HYDBBA105,2023,/Volumes/Data0/Archive/Cruise_data/RCA/Visions_23/ship/cruiseshare/For_Science/Mitch/Equipment_photos/LV01C/LJ01C_2023/HYDBBA105_2023/HYDBBA105_20230815_184504_predeploy.JPG,1250,,['ATOSU-58324-00013'],,['1250'],True,,True
111,CE04OSBP-LV01C-06-CAMDSB106,2023,/Volumes/Data0/Archive/Cruise_data/RCA/Visions_23/ship/cruiseshare/For_Science/Mitch/Equipment_photos/LV01C/CAMDSB106_2023/CAMDSB106_20230816_015832_predeploy.JPG,,ATAPL-78437-00058,,,,,,
112,CE04OSPD-DP01B-01-CTDPFL105,2023,/Volumes/Data0/Archive/Cruise_data/RCA/Visions_23/ship/cruiseshare/For_Science/Mitch/Equipment_photos/LV01C/DP01B_2023/DP01B_20230910_081725_predeploy.JPG,52-0146,,['ATOSU-67977-00006'],,['52-0146'],True,,True
113,CE04OSPD-DP01B-02-VEL3DA105,2023,/Volumes/Data0/Archive/Cruise_data/RCA/Visions_23/ship/cruiseshare/For_Science/Mitch/Equipment_photos/LV01C/DP01B_2023/DP01B_20230910_082625_predeploy.JPG,,ATAPL-58346-00002,['ATAPL-58346-00002'],,,,True,True
114,CE04OSPD-DP01B-03-FLCDRA103,2023,/Volumes/Data0/Archive/Cruise_data/RCA/Visions_23/ship/cruiseshare/For_Science/Mitch/Equipment_photos/LV01C/DP01B_2023/DP01B_20230910_081632_predeploy.JPG,3399,ATAPL-70111-00002,['ATAPL-70111-00002'],,['3399'],True,,True
115,CE04OSPD-DP01B-04-FLNTUA103,2023,/Volumes/Data0/Archive/Cruise_data/RCA/Visions_23/ship/cruiseshare/For_Science/Mitch/Equipment_photos/LV01C/DP01B_2023/DP01B_20230910_081641_predeploy.JPG,3762,ATOSU-70110-00006,['ATOSU-70110-00006'],,['3762'],True,,True
116,CE04OSPD-DP01B-06-DOSTAD105,2023,/Volumes/Data0/Archive/Cruise_data/RCA/Visions_23/ship/cruiseshare/For_Science/Mitch/Equipment_photos/LV01C/DP01B_2023/DP01B_20230910_081653_predeploy.JPG,125,ATAPL-58320-00001,['ATAPL-58320-00001'],,['125'],True,,True
117,CE04OSPS-PC01B-05-ZPLSCB102,2023,"Z:\For_Science\Mitch\Equipment_photos\PC01B\PC01B_2023\ZPLSCB102_2023\ZPLSCB102_20230814_122746_predeploy.JPG,Z:\For_Science\Mitch\Equipment_photos\PC01B\PC01B_2023\ZPLSCB102_2023\ZPLSCB102_20230814_122803_predeploy.JPG",171,ATAPL-78516-20001,,,,,,
118,CE04OSPS-PC01B-4A-CTDPFA109,2023,Z:\For_Science\Mitch\Equipment_photos\PC01B\PC01B_2023\CTDPFA109_2023\CTDPFA109_20230814_121906_predeploy.JPG,16-50113,ATOSU-66662-00014,['ATOSU-66662-00014'],,['16-50113'],True,,True
119,CE04OSPS-PC01B-4A-DOSTAD109,2023,Z:\For_Science\Mitch\Equipment_photos\PC01B\PC01B_2023\DOSTAD109_2023\DOSTAD109_20230814_122035_predeploy.JPG,316,ATOSU-58320-00017,['ATOSU-58320-00017'],,['316'],True,,True
120,CE04OSPS-PC01B-4B-PHSENA106,2023,Z:\For_Science\Mitch\Equipment_photos\PC01B\PC01B_2023\PHSENA106_2023\PHSENA106_20230814_121656_predeploy.JPG,P0162,ATAPL-58337-00010,['ATAPL-58337-00010'],,['P0162'],True,,True
121,CE04OSPS-PC01B-4D-PCO2WA105,2023,Z:\For_Science\Mitch\Equipment_photos\PC01B\PC01B_2023\PCO2WA105_2023\PCO2WA105_20230815_102301_predeploy.JPG,C0123,ATAPL-58336-00009,['ATAPL-58336-00009'],,['C0123'],True,,True
122,CE04OSPS-SF01B-2A-CTDPFA107,2023,Z:\For_Science\Mitch\Equipment_photos\SF01B\SF01B_2023\CTDPFA107_2023\CTDPFA107_20230814_120056_predeploy.JPG,50019,ATOSU-66662-00007,['ATOSU-66662-00007'],[0.62],['16-50019'],,,True
123,CE04OSPS-SF01B-2A-DOFSTA107,2023,Z:\For_Science\Mitch\Equipment_photos\SF01B\SF01B_2023\DOFSTA107_2023\DOFSTA107_20230814_120332_predeploy.JPG,43-2853,,['ATOSU-58694-00004'],,['43-2853'],True,,True
124,CE04OSPS-SF01B-2B-PHSENA108,2023,Z:\For_Science\Mitch\Equipment_photos\SF01B\SF01B_2023\PHSENA108_2023\PHSENA108_20230814_115919_predeploy.JPG,P0153,ATOSU-58337-00001,['ATOSU-58337-00011'],,['P0153'],True,,True
125,CE04OSPS-SF01B-3A-FLORTD104,2023,Z:\For_Science\Mitch\Equipment_photos\SF01B\SF01B_2023\FLORTD104_2023\FLORTD104_20230814_120634_predeploy.JPG,1289,ATOSU-58322-00013,['ATOSU-58322-00013'],,['1289'],True,,True
126,CE04OSPS-SF01B-3B-OPTAAD105,2023,Z:\For_Science\Mitch\Equipment_photos\SF01B\SF01B_2023\OPTAAD105_2023\OPTAAD105_20230814_120507_predeploy.JPG,166,ATAPL-58332-00002,['ATAPL-58332-00002'],,['166'],True,,True
127,CE04OSPS-SF01B-4A-NUTNRA102,2023,"Z:\For_Science\Mitch\Equipment_photos\SF01B\SF01B_2023\NUTNRA102_2023\NUTNRA102_20230815_234702_predeploy.JPG, Z:\For_Science\Mitch\Equipment_photos\SF01B\SF01B_2023\NUTNRA102_2023\NUTNRA102_20230815_234644_predeploy.JPG",625,ATOSU-68020-00008,['ATOSU-68020-00008'],,['625'],True,,True
128,CE04OSPS-SF01B-4B-VELPTD106,2023,"Z:\For_Science\Mitch\Equipment_photos\SF01B\SF01B_2023\VELPTD106_2023\VELPTD106_20230814_115720_predeploy.JPG,Z:\For_Science\Mitch\Equipment_photos\SF01B\SF01B_2023\VELPTD106_2023\VELPTD106_20230814_115653_predeploy.JPG",AQD-12692,ATOSU-70114-10008,['ATOSU-70114-10008'],[0.9],[' AQD-12692'],,,True
129,CE04OSPS-SF01B-4F-PCO2WA102,2023,Z:\For_Science\Mitch\Equipment_photos\SF01B\SF01B_2023\PCO2WA102_2023\PCO2WA102_20230814_120814_predeploy.JPG,C0078,ATOSU-58336-00005,['ATOSU-58336-00005'],,['C0078'],True,,True
130,RS01SBPD-DP01A-01-CTDPFL104,2023,/Volumes/Data0/Archive/Cruise_data/RCA/Visions_23/ship/cruiseshare/For_Science/Mitch/Equipment_photos/LV01A/DP01A_2023/DP01A_20230911_081832_predeploy.JPG,,ATAPL-67977-00007,,,,,,
131,RS01SBPD-DP01A-03-FLCDRA102,2023,/Volumes/Data0/Archive/Cruise_data/RCA/Visions_23/ship/cruiseshare/For_Science/Mitch/Equipment_photos/LV01A/DP01A_2023/DP01A_20230911_081849_predeploy.JPG,3717,ATOSU-70111-00006,['ATOSU-70111-00006'],,['3717'],True,,True
132,RS01SBPD-DP01A-04-FLNTUA102,2023,/Volumes/Data0/Archive/Cruise_data/RCA/Visions_23/ship/cruiseshare/For_Science/Mitch/Equipment_photos/LV01A/DP01A_2023/DP01A_20230911_081852_predeploy.JPG,3397,ATAPL-70110-00002,['ATAPL-70110-00002'],,['3397'],True,,True
133,RS01SBPD-DP01A-06-DOSTAD104,2023,/Volumes/Data0/Archive/Cruise_data/RCA/Visions_23/ship/cruiseshare/For_Science/Mitch/Equipment_photos/LV01A/DP01A_2023/DP01A_20230911_081903_predeploy.JPG,317,ATOSU-58320-00018,['ATOSU-58320-00018'],,['317'],True,,True
134,RS01SBPS-PC01A-05-ADCPTD102,2023,Z:\For_Science\Mitch\Equipment_photos\PC01A\PC01A_2023\ADCPTD102_2023\ADCPTD102_20230816_163730_predeploy.JPG,23338,ATAPL-58315-00004,['ATAPL-58315-00004'],,['23338'],True,,True
135,RS01SBPS-PC01A-06-VADCPA101,2023,Z:\For_Science\Mitch\Equipment_photos\PC01A\PC01A_2023\VADCPA101_2023\VACDCPA101_20230816_150926_predeploy.JPG,21829/23340,ATAPL-58345-00004,['ATAPL-58345-00004'],,['21829'],True,,True
136,RS01SBPS-PC01A-07-CAMDSC102,2023,Z:\For_Science\Mitch\Equipment_photos\PC01A\PC01A_2023\CAMDSC102_2023\CAMDSC102_20230816_151047_predeploy.JPG,18838,ATAPL-78437-00004,['ATAPL-78437-00004'],[0.5],[' SUBC18838'],,,True
137,RS01SBPS-PC01A-08-HYDBBA103,2023,Z:\For_Science\Mitch\Equipment_photos\PC01A\PC01A_2023\HYDBBA103_2023\HYDBBA103_20230816_164235_predeploy.JPG,1292,,['ATAPL-58324-00007'],,['1292'],True,,True
138,RS01SBPS-PC01A-4A-CTDPFA103,2023,Z:\For_Science\Mitch\Equipment_photos\PC01A\PC01A_2023\CTDPFA103_2023\CTDPFA103_20230816_150605_predeploy.JPG,16-50118,ATAPL-66662-00009,['ATAPL-66662-00009'],,['16-50118'],True,,True
139,RS01SBPS-PC01A-4A-DOSTAD103,2023,Z:\For_Science\Mitch\Equipment_photos\PC01A\PC01A_2023\DOSTAD103_2023\DOSTAD103_20230816_150712_predeploy.JPG,472,ATAPL-58320-00011,['ATAPL-58320-00011'],,['472'],True,,True
140,RS01SBPS-PC01A-4B-PHSENA102,2023,Z:\For_Science\Mitch\Equipment_photos\PC01A\PC01A_2023\PHSENA102_2023\PHSENA102_20230816_133806_predeploy.JPG,P0111,ATAPL-58337-00002,['ATAPL-58337-00003'],,['P0111'],True,,True
141,RS01SBPS-PC01A-4C-FLORDD103,2023,Z:\For_Science\Mitch\Equipment_photos\PC01A\PC01A_2023\FLORDD103_2023\FLORDD103_20230816_150817_predeploy.JPG,1129,ATAPL-58322-00002,['ATAPL-58322-00002'],,['1129'],True,,True
142,RS01SBPS-SF01A-2A-CTDPFA102,2023,Z:\For_Science\Mitch\Equipment_photos\SF01A\SF01A_2023\CTDPFA102_2023\CTDPFA102_20230816_154817_predeploy.JPG,16-50115,ATAPL-66662-00008,['ATAPL-66662-00008'],,['16-50115'],True,,True
143,RS01SBPS-SF01A-2A-DOFSTA102,2023,Z:\For_Science\Mitch\Equipment_photos\SF01A\SF01A_2023\DOFSTA102_2023\DOFSTA102_20230816_155300_predeploy.JPG,43-3163,,['ATAPL-58694-00005'],,['43-3163'],True,,True
144,RS01SBPS-SF01A-2D-PHSENA101,2023,Z:\For_Science\Mitch\Equipment_photos\SF01A\SF01A_2023\PHSENA101_2023\PHSENA101_20230816_154736_predeploy.JPG,P0113,ATAPL-58337-00005,['ATAPL-58337-00005'],,['P0113'],True,,True
145,RS01SBPS-SF01A-3A-FLORTD101,2023,Z:\For_Science\Mitch\Equipment_photos\SF01A\SF01A_2023\FLORTD101_2023\FLORTD101_20230816_155556_predeploy.JPG,1150,ATOSU-58322-00008,['ATOSU-58322-00008'],,['1150'],True,,True
146,RS01SBPS-SF01A-3B-OPTAAD101,2023,Z:\For_Science\Mitch\Equipment_photos\SF01A\SF01A_2023\OPTAAD101_2023\OPTAAD101_20230816_155451_predeploy.JPG,223,ATOSU-58332-00007,['ATOSU-58332-00007'],,['223'],True,,True
147,RS01SBPS-SF01A-4A-NUTNRA101,2023,Z:\For_Science\Mitch\Equipment_photos\SF01A\SF01A_2023\NUTNRA101_2023\NUTNRA101_20230816_154520_predeploy.JPG,334,ATOSU-68020-00005,"['ATAPL-58345-00004', 'ATAPL-70114-00002', 'ATAPL-58345-00005', 'ATAPL-58345-00006']","[0.5, 0.5, 0.5, 0.38]","[' 23340', ' 23341', ' 23342', 'AQS-6334']",,,True
148,RS01SBPS-SF01A-4B-VELPTD102,2023,Z:\For_Science\Mitch\Equipment_photos\SF01A\SF01A_2023\VELPTD102_2023\VELPTD102_20230816_154605_predeploy.JPG,6802,ATAPL-70114-00004,['ATAPL-70114-00004'],[0.5],['AQS-6802'],,,True
149,RS01SBPS-SF01A-4F-PCO2WA101,2023,Z:\For_Science\Mitch\Equipment_photos\SF01A\SF01A_2023\PCO2WA101_2023\PCO2WA101_20230816_135018_predeploy.JPG,C0076,ATAPL-58336-00003,['ATAPL-58336-00003'],,['C0076'],True,,True
150,RS01SLBS-LJ01A-09-HYDBBA102,2023,Z:\For_Science\Mitch\Equipment_photos\LJ01A\HYDBBA102_2023\HYDBBA102_20230816_222247_predeploy.JPG,ATAPL-50324-00011,,,,,,,
151,RS01SLBS-LJ01A-10-ADCPTE101,2023,Z:\For_Science\Mitch\Equipment_photos\LJ01A\ADCPTE101_2020\ADCPTE101_20230818_101613_recovered.JPG,18813,,['ATAPL-68073-00002'],,['18813'],True,,True
152,RS01SLBS-LJ01A-11-OPTAAC103,2023,Z:\For_Science\Mitch\Equipment_photos\LJ01A\OPTAAC103_2023\OPTAAC103_20230816_222607_predeploy.JPG,05-08317,,,,,,,
153,RS01SLBS-LJ01A-12-CTDPFB101,2023,"Z:\For_Science\Mitch\Equipment_photos\LJ01A\CTDPFB101_2023\CTDPFB101_20230816_222713_predeploy.JPG,Z:\For_Science\Mitch\Equipment_photos\LJ01A\CTDPFB101_2023\CTDPFB101_20230816_222746_predeploy.JPG,Z:\For_Science\Mitch\Equipment_photos\LJ01A\CTDPFB101_2023\CTDPFB101_20230817_111018_predeploy.JPG",ATAPL-67627-00004,,,,,,,
154,RS01SLBS-LJ01A-12-DOSTAD101,2023,Z:\For_Science\Mitch\Equipment_photos\LJ01A\DOSTAD101_2020\DOSTAD101_20230818_101328_recovered.JPG,ATAPL-58320-00014,,,,,,,
155,RS01SUM2-MJ01B-00-FLOBNC101,2023,/Volumes/Data0/Archive/Cruise_data/RCA/Visions_23/ship/cruiseshare/For_Science/Mitch/Equipment_photos/MJ01B/FLOBNC101_2023/FLOBNC101_20230827_172101_predeloy.JPG,1,ATAPL-58334-00001,['ATAPL-71444-00001'],,['1'],True,,True
156,RS01SUM2-MJ01B-00-FLOBNM101,2023,/Volumes/Data0/Archive/Cruise_data/RCA/Visions_23/ship/cruiseshare/For_Science/Mitch/Equipment_photos/MJ01B/FLOBNM101_2023/FLOBNM101_20230827_171720_predeloy.JPG,2,,['ATAPL-71444-00002'],,['2'],True,,True
157,RS01SUM2-MJ01B-00-OSMOIA101,2023,/Volumes/Data0/Archive/Cruise_data/RCA/Visions_23/ship/cruiseshare/For_Science/Mitch/Equipment_photos/MJ01B/OSMOIA101_2023/OSMOIA101_20230827_164631_predeploy.JPG,3,,['ATAPL-71444-00003'],,['3'],True,,True
158,RS01SUM2-MJ01B-05-CAMDSB103,2023,/Volumes/Data0/Archive/Cruise_data/RCA/Visions_23/ship/cruiseshare/For_Science/Mitch/Equipment_photos/MJ01B/CAMDSB103_2023/CAMDSB103_20230827_122123_predeploy.JPG,SUBC-19007,ATAPL-78437-00007,['ATAPL-78437-00007'],,,,True,True
159,RS01SUM2-MJ01B-12-ADCPSK101,2023,/Volumes/Data0/Archive/Cruise_data/RCA/Visions_23/ship/cruiseshare/For_Science/Mitch/Equipment_photos/MJ01B/MJ01B_2023/MJ01B_20230826_190247_predeploy.JPG,18975,,['ATAPL-58419-00002'],,['18975'],True,,True
160,RS03ASHS-MJ03B-00-OSMOIA301,2023,/Volumes/Data0/Archive/Cruise_data/RCA/Visions_23/ship/cruiseshare/For_Science/Mitch/Equipment_photos/MJ03B/OSMOIA301_2023/OSMOIA301_20230825_211606_predeploy.JPG,4,,['ATAPL-71444-00004'],,['4'],True,,True
161,RS03ASHS-MJ03B-10-CTDPFB304,2023,/Volumes/Data0/Archive/Cruise_data/RCA/Visions_23/ship/cruiseshare/For_Science/Mitch/Equipment_photos/MJ03B/CTDPFB304_2023/CTDPFB304_20230905_130934_predeploy.JPG,16-50209,ATCWK-67627-00006,['ATCWK-67627-00006'],,['16-50209'],True,,True
162,RS03ASHS-PN03B-06-CAMHDA301,2023,/Volumes/Data0/Archive/Cruise_data/RCA/Visions_23/ship/cruiseshare/For_Science/Mitch/Equipment_photos/PN3B/CAMHDA301_2023/CAMHDA301_20230825_211330_predeploy.JPG,4813-64769,ATAPL-64769-00050,,,,,,
163,RS03AXBS-LJ03A-05-HPIESA301,2023,/Volumes/Data0/Archive/Cruise_data/RCA/Visions_23/ship/cruiseshare/For_Science/Mitch/Equipment_photos/LJ03A/HPIESA301_2023/HPIESA301_20230902_193118_predeploy.JPG,307,,"['ATAPL-58323-00001', 'PIRSN-FETCHA-00001']","[0.75, 0.27]","[' 307', '3404307-001']",,,True
164,RS03AXBS-LJ03A-11-OPTAAC303,2023,/Volumes/Data0/Archive/Cruise_data/RCA/Visions_23/ship/cruiseshare/For_Science/Mitch/Equipment_photos/LJ03A/CTDPFB301_DOSTAD301_OPTAAC303_2023/OPTAAC303_20230902_194810_predeploy.JPG,,ATAPL-69943-00009,['ATAPL-69943-00009'],,,,True,True
165,RS03AXBS-LJ03A-12-CTDPFB301,2023,/Volumes/Data0/Archive/Cruise_data/RCA/Visions_23/ship/cruiseshare/For_Science/Mitch/Equipment_photos/LJ03A/CTDPFB301_DOSTAD301_OPTAAC303_2023/CTDPFB301_20230902_194544_predeploy.JPG,,ATAPL-67627-00005,['ATAPL-67627-00005'],,,,True,True
166,RS03AXBS-LJ03A-12-DOSTAD301,2023,/Volumes/Data0/Archive/Cruise_data/RCA/Visions_23/ship/cruiseshare/For_Science/Mitch/Equipment_photos/LJ03A/CTDPFB301_DOSTAD301_OPTAAC303_2023/DOSTAD301_20230902_194728_predeploy.JPG,,ATAPL-58320-00006,['ATAPL-58320-00006'],,,,True,True
167,RS03AXPD-DP03A-01-CTDPFL304,2023,/Volumes/Data0/Archive/Cruise_data/RCA/Visions_23/ship/cruiseshare/For_Science/Mitch/Equipment_photos/LV03A/DP03A_2023/DP03A_20230912_085752_predeploy.JPG,52-0137,ATAPL-67977-00002,['ATAPL-67977-00002'],,['52-0137'],True,,True
168,RS03AXPD-DP03A-02-VEL3DA303,2023,/Volumes/Data0/Archive/Cruise_data/RCA/Visions_23/ship/cruiseshare/For_Science/Mitch/Equipment_photos/LV03A/DP03A_2023/DP03A_20230912_085736_predeploy.JPG,1130,ATAPL-58346-00003,['ATAPL-58346-00003'],,['1130'],True,,True
169,RS03AXPD-DP03A-03-FLCDRA302,2023,/Volumes/Data0/Archive/Cruise_data/RCA/Visions_23/ship/cruiseshare/For_Science/Mitch/Equipment_photos/LV03A/DP03A_2023/DP03A_20230912_085701_predeploy.JPG,3716,ATAPL-70111-00005,['ATAPL-70111-00005'],,['3716'],True,,True
170,RS03AXPD-DP03A-03-FLNTUA302,2023,/Volumes/Data0/Archive/Cruise_data/RCA/Visions_23/ship/cruiseshare/For_Science/Mitch/Equipment_photos/LV03A/DP03A_2023/DP03A_20230912_085716_predeploy.JPG,3637,ATAPL-70110-00004,['ATAPL-70110-00004'],,['3637'],True,,True
171,RS03AXPD-DP03A-06-DOSTAD304,2023,/Volumes/Data0/Archive/Cruise_data/RCA/Visions_23/ship/cruiseshare/For_Science/Mitch/Equipment_photos/LV03A/DP03A_2023/DP03A_20230912_085808_predeploy.JPG,,ATAPL-58320-00004,['ATAPL-58320-00004'],,,,True,True
172,RS03AXPS-PC03A-05-ADCPTD302,2023,/Volumes/Data0/Archive/Cruise_data/RCA/Visions_23/ship/cruiseshare/For_Science/Mitch/Equipment_photos/PC03A/PC03A_2023/ADCPTD302_2023/ADCPTD302_20230824_170552_predeploy.JPG,18974,ATAPL-58315-00002,['ATAPL-58315-00002'],,['18974'],True,,True
173,RS03AXPS-PC03A-06-VADCPA301,2023,/Volumes/Data0/Archive/Cruise_data/RCA/Visions_23/ship/cruiseshare/For_Science/Mitch/Equipment_photos/PC03A/PC03A_2023/VADCPA301_2023/VADCPA301_20230824_170358_predeploy.JPG,61247,ATAPL-58345-00001,['ATAPL-58345-00001'],[0.83],[' 61247'],,,True
174,RS03AXPS-PC03A-07-CAMDSC302,2023,/Volumes/Data0/Archive/Cruise_data/RCA/Visions_23/ship/cruiseshare/For_Science/Mitch/Equipment_photos/PC03A/PC03A_2023/CAMDSC302_2023/CAMDSC302_20230824_170751_predeploy.JPG,18915/18918,ATAPL-78438-00005,['ATAPL-78437-00005'],"[0.5, 0.5]","[' SUBC18915', ' SUBC18918']",,,True
175,RS03AXPS-PC03A-08-HYDBBA303,2023,/Volumes/Data0/Archive/Cruise_data/RCA/Visions_23/ship/cruiseshare/For_Science/Mitch/Equipment_photos/PC03A/PC03A_2023/HYDBBA303_2023/HYDBBA303_20230824_165252_predeploy.JPG,1362,,['ATAPL-58324-00009'],,['1362'],True,,True
176,RS03AXPS-PC03A-4A-CTDPFA303,2023,/Volumes/Data0/Archive/Cruise_data/RCA/Visions_23/ship/cruiseshare/For_Science/Mitch/Equipment_photos/PC03A/PC03A_2023/CTDPFA303_2023/CTDPFA303_20230824_165659_predeploy.JPG,16-50123,,['ATAPL-66662-00011'],,['16-50123'],True,,True
177,RS03AXPS-PC03A-4A-DOSTAD303,2023,/Volumes/Data0/Archive/Cruise_data/RCA/Visions_23/ship/cruiseshare/For_Science/Mitch/Equipment_photos/PC03A/PC03A_2023/DOSTAD303_2023/DOSTAD303_20230824_165735_predeploy.JPG,473,ATAPL-58320-00012,['ATAPL-58320-00012'],,['473'],True,,True
178,RS03AXPS-PC03A-4B-PHSENA302,2023,/Volumes/Data0/Archive/Cruise_data/RCA/Visions_23/ship/cruiseshare/For_Science/Mitch/Equipment_photos/PC03A/PC03A_2023/PHSENA302_2023/PHSENA302_20230824_165409_predeploy.JPG,P0059,ATAPL-58337-00001,['ATAPL-58337-00001'],,['P0059'],True,,True
179,RS03AXPS-PC03A-4C-FLORDD303,2023,/Volumes/Data0/Archive/Cruise_data/RCA/Visions_23/ship/cruiseshare/For_Science/Mitch/Equipment_photos/PC03A/PC03A_2023/FLORDD303_2023/FLORDD303_20230824_170252_predeploy.JPG,1294,ATAPL-58322-00012,['ATAPL-58322-00012'],,['1294'],True,,True
180,RS03AXPS-SF03A-2A-CTDPFA302,2023,/Volumes/Data0/Archive/Cruise_data/RCA/Visions_23/ship/cruiseshare/For_Science/Mitch/Equipment_photos/SF03A/SF03A_2023/CTDPFA302_2023/CTDPFA302_20230824_164049_predeploy.JPG,16-50122,ATAPL-66662-00010,['ATAPL-66662-00010'],,['16-50122'],True,,True
181,RS03AXPS-SF03A-2D-PHSENA301,2023,/Volumes/Data0/Archive/Cruise_data/RCA/Visions_23/ship/cruiseshare/For_Science/Mitch/Equipment_photos/SF03A/SF03A_2023/PHSENA301_2023/PHSENA301_20230824_163952_predeploy.JPG,P0161,ATAPL-58337-00009,['ATAPL-58337-00009'],,['P0161'],True,,True
182,RS03AXPS-SF03A-3A-FLORTD301,2023,/Volumes/Data0/Archive/Cruise_data/RCA/Visions_23/ship/cruiseshare/For_Science/Mitch/Equipment_photos/SF03A/SF03A_2023/FLORTD301_2023/FLORTD301_20230824_163734_predeploy.JPG,1293,,['ATAPL-58322-00010'],,['1293'],True,,True
183,RS03AXPS-SF03A-3B-OPTAAD301,2023,/Volumes/Data0/Archive/Cruise_data/RCA/Visions_23/ship/cruiseshare/For_Science/Mitch/Equipment_photos/SF03A/SF03A_2023/OPTAAD301_2023/OPTAAD301_20230824_163631_predeploy.JPG,251,,['ATOSU-58341-00008'],,['251'],True,,True
184,RS03AXPS-SF03A-3C-PARADA301,2023,/Volumes/Data0/Archive/Cruise_data/RCA/Visions_23/ship/cruiseshare/For_Science/Mitch/Equipment_photos/SF03A/SF03A_2023/PARADA301_2023/PARADA301_20230825_144627_predeploy.JPG,1402,,['ATAPL-78452-00004'],,['1402'],True,,True
185,RS03AXPS-SF03A-3D-SPKIRA301,2023,/Volumes/Data0/Archive/Cruise_data/RCA/Visions_23/ship/cruiseshare/For_Science/Mitch/Equipment_photos/SF03A/SF03A_2023/SPKIRA301_2023/SPKIRA301_20230825_144004_predeploy.JPG,293,ATAPL-58341-00007,['ATAPL-58341-00007'],,['293'],True,,True
186,RS03AXPS-SF03A-4A-NUTNRA301,2023,/Volumes/Data0/Archive/Cruise_data/RCA/Visions_23/ship/cruiseshare/For_Science/Mitch/Equipment_photos/SF03A/SF03A_2023/NUTNRA301_2023/NUTNRA301_20230824_163122_predeploy.JPG,NTR-0618,,,,,,,
187,RS03AXPS-SF03A-4B-VELPTD302,2023,/Volumes/Data0/Archive/Cruise_data/RCA/Visions_23/ship/cruiseshare/For_Science/Mitch/Equipment_photos/SF03A/SF03A_2023/VELPTD302_2023/VELPTD302_20230824_163202_predeploy.JPG,AQD-12469,ATAPL-70114-00007,['ATAPL-70114-00007'],[0.9],[' AQD-12469'],,,True
188,RS03AXPS-SF03A-4F-PCO2WA301,2023,/Volumes/Data0/Archive/Cruise_data/RCA/Visions_23/ship/cruiseshare/For_Science/Mitch/Equipment_photos/SF03A/SF03A_2023/PCO2WA301_2023/PCO2WA301_20230824_163404_predeploy.JPG,C0075,ATAPL-58336-00002,['ATAPL-58336-00002'],,['C0075'],True,,True
189,RS03CCAL-MJ03F-12-CTDPFB305,2023,/Volumes/Data0/Archive/Cruise_data/RCA/Visions_23/ship/cruiseshare/For_Science/Mitch/Equipment_photos/MJ03F/CTDPFB305_2023/CTDPFB305_20230912_202134_predeploy.JPG,16-50327,ATCWK-67627-00011,['ATCWK-67627-00011'],,['16-50327'],True,,True
190,RS03ECAL-MJ03E-12-CTDPFB306,2023,/Volumes/Data0/Archive/Cruise_data/RCA/Visions_23/ship/cruiseshare/For_Science/Mitch/Equipment_photos/MJ03E/CTDPFB306_2023/CTDPFB306_20230912_201857_predeploy.JPG,16-50326,ATCWK-67627-00010,['ATCWK-67627-00010'],,['16-50326'],True,,True
191,RS03INT1-MJ03C-05-CAMDSB303,2023,/Volumes/Data0/Archive/Cruise_data/RCA/Visions_23/ship/cruiseshare/For_Science/Mitch/Equipment_photos/MJ03C/CAMDSB303_2023/CAMDSB303_20230904_152511_predeploy.JPG,301,ATAPL-70101-00022,,,,,,
192,RS03INT1-MJ03C-07-PPSDNA301,2023,/Volumes/Data0/Archive/Cruise_data/RCA/Visions_23/ship/cruiseshare/For_Science/Mitch/Equipment_photos/MJ03C/PPSDNA301_2023/PPSDNA301_20230904_120448_predeploy.JPG,,ATAPL-58338-00001,['ATAPL-58338-00001'],,,,True,True
193,RS03INT1-MJ03C-07-RASFLA301,2023,/Volumes/Data0/Archive/Cruise_data/RCA/Visions_23/ship/cruiseshare/For_Science/Mitch/Equipment_photos/MJ03C/RASFLA301_2023/RASFLA301_20230904_120702_predeploy.JPG,12881-02,,['ATAPL-58340-00002'],,['12881-02'],True,,True
194,RS03INT1-MJ03C-09-TRHPHA302,2023,/Volumes/Data0/Archive/Cruise_data/RCA/Visions_23/ship/cruiseshare/For_Science/Mitch/Equipment_photos/MJ03C/TRHPHA302_2023/TRHPHA302_20230904_152751_predeploy.JPG,2,,['ATAPL-71444-00002'],,['2'],True,,True
195,RS03INT1-MJ03C-09-TRHPHA302,2023,/Volumes/Data0/Archive/Cruise_data/RCA/Visions_23/ship/cruiseshare/For_Science/Mitch/Equipment_photos/MJ03C/TRHPHA302_2023/TRHPHA302_20230904_152751_predeploy.JPG,2,,['ATAPL-71444-00002'],,['2'],True,,True
196,RS03AXPS-SF03A-3C-PARADA301,2024,Data0/Archive/Images/Equipment_Photos/VISIONS24/SF03A/SF03A_2024/PARADA301_2024/PARADA301_20240811_114118_predeploy.JPG,1405,2-00007,['ATAPL-78452-00007'],,['1405'],True,,True
197,RS03AXPS-SF03A-2A-CTDPFA302,2024,Data0/Archive/Images/Equipment_Photos/VISIONS24/SF03A/SF03A_2024/CTDPFA302_2024/CTDPFA302_20240811_113658_predeploy.JPG,7232,ATAPL-66662-00003,['ATAPL-66662-00003'],[0.31],['16P71179-7232'],,,True
198,RS03AXPS-PC03A-06-VADCPB301,2024,,,,,,,,,
199,RS03AXBS-LJ03A-12-CTDPFB301,2024,Data0/Archive/Images/Equipment_Photos/VISIONS24/LJ03A/CTDPFB301/CTDPFB301_2024/CTDPFB301_20240829_200331_predeploy.JPG,16-50031,ATAPL-67627-00003,['ATAPL-67627-00003'],,,,True,True
200,RS01SUM1-LJ01B-09-PRESTB102,2024,Data0/Archive/Images/Equipment_Photos/VISIONS24/LJ01B/PRESTB102/PRESTB102_2024/PRESTB102_20240820_190407_predeploy.JPG,4830-69923,ATAPL-69923-00001,['ATAPL-69923-00001'],,,,True,True
201,RS01SBPS-SF01A-3C-PARADA101,2024,Data0/Archive/Images/Equipment_Photos/VISIONS24/SF01A/SF01A_2024/PARADA101_2024/PARADA101_20240809_075229_predeploy.JPG,1399,78452-00001,['ATAPL-78452-00001'],,['1399'],True,,True
202,RS01SBPS-PC01A-06-VADCPB101,2024,,,,,,,,,
203,CE04OSPS-SF01B-3C-PARADA102,2024,Data0/Archive/Images/Equipment_Photos/VISIONS24/SF01B/SF01B_2024/PARADA102_2024/PARADA102_20240808_152348_predeploy.JPG,1400,00002,['ATAPL-78452-00002'],,['1400'],True,,True
0,CE02SHBP-LJ01D-05-ADCPTB104,2020,IMG_4469.HEIC,19003,ATOSU-69826-00002,['ATOSU-69826-00002'],,['19003'],True,,True
1,CE02SHBP-LJ01D-06-CTDBPN106,2020,IMG_4466.HEIC,7230,ATOSU-69827-00001,['ATOSU-69827-00001'],[0.31],['16P71176-7230'],,,True
2,CE02SHBP-LJ01D-06-DOSTAD106,2020,IMG_4467.HEIC,216,ATOSU-58320-00020,['ATOSU-58320-00020'],,['216'],True,,True
3,CE02SHBP-LJ01D-07-VEL3DC108,2020,IMG_4468.HEIC,"5007,8167",ATOSU-69829-00003,['ATOSU-69829-00003'],"[0.5, 0.44]","['VEC-5007', ' VEC-8167']",,,True
4,CE02SHBP-LJ01D-08-OPTAAD106,2020,IMG_4465.HEIC,169,ATOSU-58332-00009,['ATOSU-58332-00009'],,['169'],True,,True
5,CE02SHBP-LJ01D-09-PCO2WB103,2020,IMG_4464.HEIC,C0080,ATOSU-70570-00002,['ATOSU-70570-00002'],,['C0080'],True,,True
6,CE02SHBP-LJ01D-10-PHSEND103,2020,IMG_4464.HEIC,P0116,ATOSU-70571-00001,['ATOSU-70571-00001'],,['P0116'],True,,True
7,CE04OSBP-LJ01C-05-ADCPSI103,2020,IMG_4459.HEIC,21498,ATOSU-69825-00001,['ATOSU-69825-00001'],,['21498'],True,,True
8,CE04OSBP-LJ01C-06-CTDBPO108,2020,IMG_4461.HEIC,7231,ATOSU-69828-00001,['ATOSU-69828-00001'],[0.31],['16P71176-7231'],,,True
9,CE04OSBP-LJ01C-06-DOSTAD108,2020,IMG_4462.HEIC,133,ATOSU-58320-00021,['ATOSU-58320-00021'],,['133'],True,,True
10,CE04OSBP-LJ01C-07-VEL3DC107,2020,IMG_4463.HEIC,"VEC-4940,8159",ATOSU-69829-00004,['ATOSU-69829-00004'],,['VEC-4940'],True,,True
11,CE04OSBP-LJ01C-08-OPTAAC104,2020,IMG_4460.HEIC,191,ATOSU-69943-00010,['ATOSU-69943-00010'],,['191'],True,,True
12,CE04OSBP-LJ01C-09-PCO2WB104,2020,IMG_4455.HEIC,C0064,ATOSU-70570-00001,['ATOSU-70570-00001'],,['C0064'],True,,True
13,CE04OSBP-LJ01C-10-PHSEND107,2020,IMG_4455.HEIC,P0117,ATOSU-70571-00002,['ATOSU-70571-00002'],,['P0117'],True,,True
14,CE04OSPD-DP01B-01-CTDPFL105,2020,IMG_4685.JPG,52-0145,ATAPL-67977-00005,['ATAPL-67977-00005'],,['52-0145'],True,,True
15,CE04OSPD-DP01B-02-VEL3DA105,2020,IMG_4683.JPG,1131,ATOSU-58346-00008,['ATOSU-58346-00008'],,['1131'],True,,True
16,CE04OSPD-DP01B-03-FLCDRA103,2020,IMG_4692.JPG,3400,ATOSU-70111-00007,['ATOSU-70111-00007'],,['3400'],True,,True
17,CE04OSPD-DP01B-04-FLNTUA103,2020,"IMG_4695.JPG,IMG_4697.JPG",3398,ATOSU-70110-00007,['ATOSU-70110-00007'],,['3398'],True,,True
18,CE04OSPD-DP01B-06-DOSTAD105,2020,"IMG_4689.JPG,IMG_4690.JPG",137,ATOSU-58320-00008,['ATOSU-58320-00008'],,['137'],True,,True
19,CE04OSPS-PC01B-05-ZPLSCB102,2020,IMG_0016.JPG,2,ATOSU-63259-00005,['ATAPL-71444-00002'],,['2'],True,,True
20,CE04OSPS-PC01B-4A-CTDPFA109,2020,PC01B_2020_CTD_DOSTA,50018,ATOSU-66662-00006,['ATOSU-66662-00006'],[0.62],['16-50018'],,,True
21,CE04OSPS-PC01B-4A-DOSTAD109,2020,PC01B_2020_CTD_DOSTA,215,ATOSU-58320-00007,['ATOSU-58320-00007'],,['215'],True,,True
22,CE04OSPS-PC01B-4B-PHSENA106,2020,PC01B_2020_PHSEN-A,P0115,ATOSU-58337-00007,['ATOSU-58337-00007'],,['P0115'],True,,True
23,CE04OSPS-PC01B-4D-PCO2WA105,2020,PC01B_2020_PC02W-A,C0079,ATOSU-58336-00006,['ATOSU-58336-00006'],,['C0079'],True,,True
24,CE04OSPS-SF01B-2A-CTDPFA107,2020,IMG_1538.JPG,50019,ATOSU-66662-00007,['ATOSU-66662-00007'],[0.62],['16-50019'],,,True
25,CE04OSPS-SF01B-2B-PHSENA108,2020,IMG-1537.JPG,P0131,ATOSU-58337-00008,['ATOSU-58337-00008'],,['P0131'],True,,True
26,CE04OSPS-SF01B-3A-FLORTD104,2020,IMG_1534.JPG,1150,ATOSU-58322-00008,['ATOSU-58322-00008'],,['1150'],True,,True
27,CE04OSPS-SF01B-3B-OPTAAD105,2020,IMG_1533.JPG,128,ATOSU-58332-00003,['ATOSU-58332-00003'],,['128'],True,,True
28,CE04OSPS-SF01B-3D-SPKIRA102,2020,IMG_1540.JPG,267,ATAPL-58341-00004,['ATAPL-58341-00004'],,['267'],True,,True
29,CE04OSPS-SF01B-4A-NUTNRA102,2020,IMG-1536.JPG,344,ATOSU-68020-00005,['ATOSU-68020-00005'],,['344'],True,,True
30,CE04OSPS-SF01B-4F-PCO2WA102,2020,IMG_1535.JPG,C0116,ATOSU-58336-00007,['ATOSU-58336-00007'],,['C0116'],True,,True
31,RS01SBPD-DP01A-01-CTDPFL104,2020,IMG_4747.JPG,52-0120,ATAPL-67977-00001,['ATAPL-67977-00001'],,['52-0120'],True,,True
32,RS01SBPD-DP01A-02-VEL3DA103,2020,IMG_4744.JPG,1214,ATAPL-58346-00005,['ATAPL-58346-00005'],,['1214'],True,,True
33,RS01SBPD-DP01A-03-FLCDRA102,2020,IMG_4741.JPG,3098,ATAPL-70111-00001,['ATAPL-70111-00001'],,['3098'],True,,True
34,RS01SBPD-DP01A-04-FLNTUA102,2020,IMG_4738.JPG,3099,ATAPL-70110-00001,['ATAPL-70110-00001'],,['3099'],True,,True
35,RS01SBPD-DP01A-06-DOSTAD104,2020,IMG_4733.JPG,458,ATAPL-58320-00009,['ATAPL-58320-00009'],,['458'],True,,True
36,RS01SBPS-PC01A-05-ADCPTD102,2020,IMG_00004.JPG,18478,ATAPL-58315-00001,['ATAPL-58315-00001'],,['18478'],True,,True
37,RS01SBPS-PC01A-06-VADCPA101,2020,IMG_00003.JPG,19075,ATAPL-58345-00003,['ATAPL-58345-00003'],,['19075'],True,,True
38,RS01SBPS-PC01A-4A-CTDPFA103,2020,IMG_00002.JPG,6914,ATAPL-66662-00001,['ATAPL-66662-00001'],[0.31],['16P65795-6914'],,,True
39,RS01SBPS-PC01A-4A-DOSTAD103,2020,IMG_00002.JPG,275,ATAPL-58320-00005,['ATAPL-58320-00005'],,['275'],True,,True
40,RS01SBPS-PC01A-4B-PHSENA102,2020,IMG_00001.JPG,P0164,ATAPL-58337-00014,['ATAPL-58337-00014'],,['P0164'],True,,True
41,RS01SBPS-PC01A-4C-FLORDD103,2020,IMG_00007.JPG,1132,ATAPL-58322-00005,['ATAPL-58322-00005'],,['1132'],True,,True
42,RS01SBPS-SF01A-2A-CTDPFA102,2020,IMG_1527.JPG,7205,ATAPL-66662-00002,"['ATAPL-66662-00002', 'ATAPL-70114-00006']","[0.31, 0.5]","['16P71179-7205', 'AQS-7205']",,,True
43,RS01SBPS-SF01A-2D-PHSENA101,2020,IMG_1529.JPG,P0163,ATAPL-58337-00013,['ATAPL-58337-00013'],,['P0163'],True,,True
44,RS01SBPS-SF01A-3A-FLORTD101,2020,IMG_1526.JPG,1130,ATAPL-58322-00003,['ATAPL-58346-00003'],,['1130'],True,,True
45,RS01SBPS-SF01A-3B-OPTAAD101,2020,IMG_1525.JPG,244,ATAPL-58332-00005,['ATAPL-58341-00002'],,['244'],True,,True
46,RS01SBPS-SF01A-3C-PARADA101,2020,IMG_4439.HEIC,1399,ATAPL-78452-00001,['ATAPL-78452-00001'],,['1399'],True,,True
47,RS01SBPS-SF01A-3D-SPKIRA101,2020,IMG_4439.HEIC,245,ATAPL-58341-00003,['ATAPL-58341-00003'],,['245'],True,,True
48,RS01SBPS-SF01A-4A-NUTNRA101,2020,IMG_1530.JPG,380,ATAPL-68020-00003,['ATAPL-68020-00003'],,['380'],True,,True
49,RS01SBPS-SF01A-4B-VELPTD102,2020,IMG_1530.JPG,6389,ATAPL-70114-00003,['ATAPL-70114-00003'],[0.5],['AQS-6389'],,,True
50,RS01SBPS-SF01A-4F-PCO2WA101,2020,IMG_1531.JPG,C0091,ATAPL-58336-00004,['ATAPL-58336-00004'],,['C0091'],True,,True
51,RS03AXPD-DP03A-01-CTDPFL304,2020,"IMG_4728.JPG,IMG_4729.JPG",52-0144,ATAPL-67977-00004,['ATAPL-67977-00004'],,['52-0144'],True,,True
52,RS03AXPD-DP03A-02-VEL3DA303,2020,IMG_4725.JPG,1148,ATAPL-58346-00004,['ATAPL-58346-00004'],,['1148'],True,,True
53,RS03AXPD-DP03A-03-FLCDRA302,2020,IMG_4722.JPG,3460,ATAPL-70111-00003,['ATAPL-70111-00003'],,['3460'],True,,True
54,RS03AXPD-DP03A-03-FLNTUA302,2020,IMG_4719.JPG,3468,ATAPL-70110-00003,['ATAPL-70110-00003'],,['3468'],True,,True
55,RS03AXPD-DP03A-06-DOSTAD304,2020,"IMG_4711.JPG,IMG_4712.JPG",459,ATAPL-58320-00010,['ATAPL-58320-00010'],,['459'],True,,True
56,RS03AXPS-PC03A-06-VADCPA301,2020,IMG_0020.JPG,19073,ATAPL-58345-00002,['ATAPL-58345-00002'],,['19073'],True,,True
57,RS03AXPS-PC03A-4A-CTDPFA303,2020,IMG_0021.JPG,7233,ATAPL-66662-00004,['ATAPL-66662-00004'],[0.31],['16P71179-7233'],,,True
58,RS03AXPS-PC03A-4A-DOSTAD303,2020,IMG_0021.JPG,344,ATAPL-58320-00002,['ATOSU-68020-00005'],,['344'],True,,True
59,RS03AXPS-PC03A-4B-PHSENA302,2020,IMG_0019.JPG,P0113,ATAPL-58337-00005,['ATAPL-58337-00005'],,['P0113'],True,,True
60,RS03AXPS-PC03A-4C-FLORDD303,2020,IMG_0020.JPG,1131,ATAPL-58322-00004,['ATOSU-58346-00008'],,['1131'],True,,True
61,RS03AXPS-SF03A-2A-CTDPFA302,2020,IMG_1541.JPG,7232,ATAPL-66662-00003,['ATAPL-66662-00003'],[0.31],['16P71179-7232'],,,True
62,RS03AXPS-SF03A-2D-PHSENA301,2020,IMG_1543.JPG,P0112,ATAPL-58337-00002,['ATAPL-58337-00002'],,['P0112'],True,,True
63,RS03AXPS-SF03A-3A-FLORTD301,2020,IMG_1547.JPG,5967,ATAPL-58322-00014,['ATAPL-58322-00014'],,['5967'],True,,True
64,RS03AXPS-SF03A-3B-OPTAAD301,2020,IMG_1546.JPG,134,ATAPL-58332-00001,['ATAPL-58332-00001'],,['134'],True,,True
65,RS03AXPS-SF03A-3D-SPKIRA301,2020,IMG_1548.JPG,244,ATAPL-58341-00002,['ATAPL-58341-00002'],,['244'],True,,True
66,RS03AXPS-SF03A-4A-NUTNRA301,2020,IMG_1544.JPG,379,ATAPL-68020-00002,['ATAPL-68020-00002'],,['379'],True,,True
67,RS03AXPS-SF03A-4B-VELPTD302,2020,IMG_1544.JPG,6334,ATAPL-70114-00002,['ATAPL-70114-00002'],[0.5],['AQS-6334'],,,True
68,RS03AXPS-SF03A-4F-PCO2WA301,2020,IMG_1545.JPG,C0124,ATAPL-58336-00010,['ATAPL-58336-00010'],,['C0124'],True,,True
